t_video_sec,time_str_primary,speed_kmh,altitude_km,acceleration_g,velocity2_kmh,altitude2_km
605.004706430443,00:00:00,0,0.1,1,,
606.005706937442,00:00:01,,0.1,1.2,,
607.006707444441,00:00:02,7,0.1,1.3,,
608.007707951441,00:00:03,14,0.1,1.4,,
609.00870845844,00:00:04,19,0.1,1.4,,
610.00970896544,00:00:05,28,0.1,1.4,,
611.010709472439,00:00:06,40,0.1,1.4,,
612.011709979438,00:00:07,54,0.1,1.4,,
613.012710486438,00:00:08,69,0.1,1.4,,
614.013710993437,00:00:09,84,0.2,1.4,,
615.014711500437,00:00:10,100,0.2,1.5,,
616.015712007436,00:00:11,116,0.2,1.5,,
617.016712514435,00:00:12,133,0.2,1.5,,
618.017713021435,00:00:13,149,0.2,1.5,,
619.018713528434,00:00:14,165,0.3,1.5,,
620.019714035434,00:00:15,182,0.3,1.5,,
620.987347858867,00:00:16,198,0.4,1.5,,
621.988348365866,00:00:17,216,0.4,1.5,,
622.989348872865,00:00:18,234,0.5,1.5,,
623.990349379865,00:00:19,252,0.5,1.5,,
624.991349886864,00:00:20,270,0.6,1.5,,
625.992350393863,00:00:21,289,0.6,1.5,,
626.993350900863,00:00:22,308,0.7,1.5,,
627.994351407862,00:00:23,327,0.8,1.6,,
628.995351914862,00:00:24,347,0.9,1.6,,
629.996352421861,00:00:25,367,1,1.6,,
630.997352928861,00:00:26,387,1,1.6,,
631.99835343586,00:00:27,407,1.1,1.6,,
632.999353942859,00:00:28,428,1.2,1.6,,
634.000354449859,00:00:29,450,1.3,1.6,,
635.001354956858,00:00:30,472,1.5,1.6,,
636.002355463858,00:00:31,494,1.6,1.6,,
637.003355970857,00:00:32,516,1.7,1.6,,
638.004356477856,00:00:33,539,1.8,1.7,,
639.005356984856,00:00:34,563,2,1.7,,
640.006357491855,00:00:35,591,2.1,1.7,,
641.007357998855,00:00:36,615,2.3,1.7,,
642.008358505854,00:00:37,639,2.4,1.7,,
643.009359012854,00:00:38,662,2.6,1.7,,
644.010359519853,00:00:39,687,2.7,1.7,,
645.011360026852,00:00:40,717,2.9,1.7,,
646.012360533852,00:00:41,740,3.1,1.7,,
647.013361040851,00:00:42,768,3.3,1.7,,
648.01436154785,00:00:43,794,3.5,1.8,,
649.01536205485,00:00:44,823,3.7,1.8,,
650.016362561849,00:00:45,851,3.9,1.8,,
651.017363068849,00:00:46,883,4.1,1.8,,
652.018363575848,00:00:47,912,4.3,1.8,,
653.019364082847,00:00:48,940,4.5,1.8,,
654.020364589847,00:00:49,975,4.8,1.8,,
654.98799841328,00:00:50,1003,5,1.8,,
655.988998920279,00:00:51,1035,5.3,1.8,,
656.989999427278,00:00:52,1065,5.5,1.6,,
657.990999934278,00:00:53,1090,5.8,1.4,,
658.992000441277,00:00:54,1110,6,1.4,,
659.993000948277,00:00:55,1125,6.3,1.3,,
660.994001455276,00:00:56,1143,6.6,1.3,,
661.995001962276,00:00:57,1158,6.9,1.3,,
662.996002469275,00:00:58,1174,7.1,1.3,,
663.997002976274,00:00:59,1193,7.4,1.5,,
664.998003483274,00:01:00,1213,7,1.7,,
665.999003990273,00:01:01,1240,8,1.8,,
667.000004497273,00:01:02,1274,8.3,1.8,,
668.001005004272,00:01:03,1305,8.6,1.9,,
669.002005511271,00:01:04,1340,8.9,1.9,,
670.003006018271,00:01:05,1375,9.2,1.9,,
671.00400652527,00:01:06,1412,9.5,1.9,,
672.00500703227,00:01:07,1449,9.9,1.9,,
673.006007539269,00:01:08,1486,10.2,1.9,,
674.007008046268,00:01:09,1525,10.5,1.9,,
675.008008553268,00:01:10,1564,10.8,1.9,,
676.009009060267,00:01:11,1605,11.2,1.9,,
677.010009567267,00:01:12,1645,11.5,2,,
678.011010074266,00:01:13,1686,11.9,2,,
679.012010581265,00:01:14,1728,12.3,2,,
680.013011088265,00:01:15,1771,12.6,2,,
681.014011595264,00:01:16,1814,13,2,,
682.015012102264,00:01:17,1859,13.4,2.1,,
683.016012609263,00:01:18,1905,13.8,2.1,,
684.017013116263,00:01:19,1951,14.2,2.1,,
685.018013623262,00:01:20,1998,14.5,2.1,,
686.019014130261,00:01:21,2046,14.9,2.1,,
687.020014637261,00:01:22,2096,15.4,2.2,,
687.987648460694,00:01:23,2144,15.8,2.2,,
688.988648967693,00:01:24,2196,16.2,2.2,,
689.989649474692,00:01:25,2249,16.6,2.2,,
690.990649981692,00:01:26,2303,17,2.2,,
691.991650488691,00:01:27,2357,17.5,2.3,,
692.992650995691,00:01:28,2413,17.9,2.3,,
693.99365150269,00:01:29,2470,18.3,2.3,,
694.994652009689,00:01:30,2528,18.8,2.3,,
695.995652516689,00:01:31,2588,19.3,2.4,,
696.996653023688,00:01:32,2647,19.7,2.4,,
697.997653530688,00:01:33,2708,20.2,2.4,,
698.998654037687,00:01:34,2771,20.6,2.4,,
699.999654544687,00:01:35,2833,21.1,2.5,,
701.000655051686,00:01:36,2898,21.6,2.5,,
702.001655558685,00:01:37,2964,22.1,2.5,,
703.002656065685,00:01:38,3031,22.6,2.5,,
704.003656572684,00:01:39,3099,23.1,2.6,,
705.004657079683,00:01:40,3169,23.6,2.6,,
706.005657586683,00:01:41,3238,24.1,2.6,,
707.006658093682,00:01:42,3309,24.6,2.6,,
708.007658600682,00:01:43,3380,25.2,2.7,,
709.008659107681,00:01:44,3453,25.7,2.7,,
710.00965961468,00:01:45,3527,26.2,2.7,,
711.01066012168,00:01:46,3603,26.8,2.8,,
712.011660628679,00:01:47,3679,27.4,2.8,,
713.012661135679,00:01:48,3756,28,2.8,,
714.013661642678,00:01:49,3836,28.5,2.8,,
715.014662149678,00:01:50,3915,29.1,2.9,,
716.015662656677,00:01:51,3996,29.7,2.9,,
717.016663163676,00:01:52,4078,30.3,2.9,,
718.017663670676,00:01:53,4163,30.9,3,,
719.018664177675,00:01:54,4248,31.5,3,,
720.019664684675,00:01:55,4333,32.1,3,,
720.987298508107,00:01:56,4417,32.7,3,,
721.988299015107,00:01:57,4505,33.3,3.1,,
722.989299522106,00:01:58,4594,34,3.1,,
723.990300029106,00:01:59,4682,34.6,3.1,,
724.991300536105,00:02:00,4774,35.3,3.2,,
725.992301043104,00:02:01,4868,36,3.2,,
726.993301550104,00:02:02,4961,36.6,3.2,,
727.994302057103,00:02:03,5058,37.3,3.3,,
728.995302564103,00:02:04,5155,38,3.3,,
729.996303071102,00:02:05,5254,38.8,3.3,,
730.997303578101,00:02:06,5353,39.5,3.4,,
731.998304085101,00:02:07,5451,40.2,3.4,,
732.9993045921,00:02:08,5554,40.9,3.4,,
734.0003050991,00:02:09,5654,41.7,3.5,,
735.001305606099,00:02:10,5760,42.4,3.5,,
736.002306113099,00:02:11,5864,43.2,3.5,,
737.003306620098,00:02:12,5971,44,3.6,,
738.004307127097,00:02:13,6080,44.8,3.6,,
739.005307634097,00:02:14,6188,45.6,3.7,,
740.006308141096,00:02:15,6305,46.4,3.8,,
741.007308648096,00:02:16,6416,47.2,3.8,,
742.008309155095,00:02:17,6532,48.1,3.9,,
743.009309662094,00:02:18,6650,48.9,3.8,,
744.010310169094,00:02:19,6769,49.8,3.8,,
745.011310676093,00:02:20,6888,50.6,3.8,,
746.012311183093,00:02:21,7003,51.5,3.8,,
747.013311690092,00:02:22,7122,52.4,3.8,,
748.014312197091,00:02:23,7241,53.3,3.8,,
749.015312704091,00:02:24,7361,54.2,3.8,,
750.01631321109,00:02:25,7478,55.1,3.8,,
751.01731371809,00:02:26,7599,56,3.8,,
752.018314225089,00:02:27,7718,56.9,3.8,,
753.019314732088,00:02:28,7838,57.9,3.5,,
754.020315239088,00:02:29,7938,58.8,1.4,,
754.987949062521,00:02:30,7988,59.7,0.2,,
755.98894956952,00:02:31,8000,60.7,0,,
756.989950076519,00:02:32,7993,61.6,0,,
757.990950583519,00:02:33,7976,62.5,,,
758.991951090518,00:02:34,7960,63.5,,7973,63.5
759.992951597518,00:02:35,7945,64.4,,7959,64.4
760.993952104517,00:02:36,7930,65.3,,7945,65.3
761.994952611516,00:02:37,7917,66.3,,7931,66.3
762.995953118516,00:02:38,7903,67.2,,7917,67.2
763.996953625515,00:02:39,7889,68.1,,7907,68.1
764.997954132515,00:02:40,7875,69,,7908,69
765.998954639514,00:02:41,7861,69.8,,7916,69.8
766.999955146514,00:02:42,7847,70.7,,7927,70.7
768.000955653513,00:02:43,7834,71.6,,7939,71.8
769.001956160512,00:02:44,7821,72.4,,7952,72.8
770.002956667512,00:02:45,7808,73.3,,7966,73.8
771.003957174511,00:02:46,7795,74.1,,7980,74.6
772.004957681511,00:02:47,7782,75,,7994,75.4
773.00595818851,00:02:48,7769,75.8,,8008,76.3
774.006958695509,00:02:49,7757,76.6,,8023,77.1
775.007959202509,00:02:50,7745,77.4,,8037,77.9
776.008959709508,00:02:51,7732,78.2,,8053,78.8
777.009960216508,00:02:52,7720,79,,8068,79.6
778.010960723507,00:02:53,7708,79.7,,8083,80.4
779.011961230506,00:02:54,7696,80.5,,8099,81.2
780.012961737506,00:02:55,7685,81.3,,8115,82
781.013962244505,00:02:56,7673,82,,8131,82.8
782.014962751505,00:02:57,7662,82.8,,8148,83.6
783.015963258504,00:02:58,7650,83.5,,8164,84.3
784.016963765503,00:02:59,7639,84.2,,8181,85.1
785.017964272503,00:03:00,7627,84.9,,8198,85.9
786.018964779502,00:03:01,7616,85.6,,8216,86.7
787.019965286502,00:03:02,7605,86.3,,8233,87.4
787.987599109934,00:03:03,7595,87,,8250,88.2
788.988599616934,00:03:04,7584,87.7,,8268,88.9
789.989600123933,00:03:05,7574,88.3,,8287,89.6
790.990600630933,00:03:06,7563,89,,8305,90.4
791.991601137932,00:03:07,7553,89.7,,8325,91.1
792.992601644932,00:03:08,7543,90.3,,8344,91.8
793.993602151931,00:03:09,7533,90.9,,8364,92.6
794.99460265893,00:03:10,7523,91.6,,8383,93.3
795.99560316593,00:03:11,7513,92.2,,8403,94
796.996603672929,00:03:12,7503,92.8,,8423,94.7
797.997604179929,00:03:13,7494,93.4,,8444,95.4
798.998604686928,00:03:14,7484,94,,8464,96.1
799.999605193927,00:03:15,7475,94.6,,8485,96.8
801.000605700927,00:03:16,7466,95.1,,8505,97.5
802.001606207926,00:03:17,7457,95.7,,8527,98.2
803.002606714925,00:03:18,7448,96.3,,8547,98.8
804.003607221925,00:03:19,7439,96.8,,8569,99.5
805.004607728924,00:03:20,7431,97.3,,8590,100
806.005608235924,00:03:21,7423,97.9,,8612,101
807.006608742923,00:03:22,7414,98.4,,8634,102
808.007609249923,00:03:23,7406,98.9,,8656,102
809.008609756922,00:03:24,7398,99.4,,8678,103
810.009610263922,00:03:25,7390,99.9,,8702,103
811.010610770921,00:03:26,7382,100,,8724,104
812.01161127792,00:03:27,7375,101,,8747,105
813.01261178492,00:03:28,7367,101,,8774,105
814.013612291919,00:03:29,7360,102,,8790,106
815.014612798918,00:03:30,7353,102,,8814,107
816.015613305918,00:03:31,7346,103,,8837,107
817.016613812917,00:03:32,7339,103,,8860,108
818.017614319917,00:03:33,7332,104,,8884,108
819.018614826916,00:03:34,7326,104,,8908,109
820.019615333916,00:03:35,7319,104,,8932,110
820.987249157348,00:03:36,7313,105,,8955,110
821.988249664348,00:03:37,7307,105,,8979,111
822.989250171347,00:03:38,7301,106,,9004,111
823.990250678346,00:03:39,7295,106,,9028,112
824.991251185346,00:03:40,7228,106,,9053,113
825.992251692345,00:03:41,7283,107,,9078,113
826.993252199345,00:03:42,7278,107,,9103,114
827.994252706344,00:03:43,7273,107,,9128,114
828.995253213344,00:03:44,7267,108,,9154,115
829.996253720343,00:03:45,7262,108,,9179,115
830.997254227342,00:03:46,7257,108,,9205,116
831.998254734342,00:03:47,7253,109,,9231,116
832.999255241341,00:03:48,7248,109,,9258,117
834.000255748341,00:03:49,7244,109,,9283,117
835.00125625534,00:03:50,7239,109,,9309,118
836.002256762339,00:03:51,7235,110,,9336,118
837.003257269339,00:03:52,7231,110,,9362,119
838.004257776338,00:03:53,7227,110,,9389,119
839.005258283338,00:03:54,7224,110,,9416,120
840.006258790337,00:03:55,7220,111,,9443,120
841.007259297336,00:03:56,7217,111,,9470,
842.008259804336,00:03:57,7213,111,,9498,
843.009260311335,00:03:58,7210,111,,9526,
844.010260818335,00:03:59,7207,112,,9553,
845.011261325334,00:04:00,7204,112,,9581,123
846.012261832333,00:04:01,7202,112,,9609,123
847.013262339333,00:04:02,7119,112,,9637,124
848.014262846332,00:04:03,7197,112,,9665,124
849.015263353332,00:04:04,7195,112,,9694,125
850.016263860331,00:04:05,7192,112,,,125
851.017264367331,00:04:06,7190,113,,9751,126
852.01826487433,00:04:07,7189,113,,9780,126
853.019265381329,00:04:08,7187,113,,9809,126
854.020265888329,00:04:09,7186,113,,9838,127
854.987899711762,00:04:10,7184,113,,,127
855.988900218761,00:04:11,7183,113,,9896,128
856.98990072576,00:04:12,7182,113,,9926,128
857.99090123276,00:04:13,7181,113,,9956,129
858.991901739759,00:04:14,7180,113,,9985,129
859.992902246758,00:04:15,7180,113,,10015,129
860.993902753758,00:04:16,7179,113,,10045,130
861.994903260757,00:04:17,7179,114,,10076,130
862.995903767757,00:04:18,7179,114,,10106,131
863.996904274756,00:04:19,7179,114,,10137,131
864.997904781756,00:04:20,7179,114,,10168,131
865.998905288755,00:04:21,7179,114,,10199,
866.999905795755,00:04:22,7180,114,,10230,132
868.000906302754,00:04:23,7180,114,,10262,132
869.001906809753,00:04:24,7181,114,,10293,133
870.002907316753,00:04:25,7182,114,,10325,133
871.003907823752,00:04:26,7183,113,,,134
872.004908330751,00:04:27,7184,113,,10389,134
873.005908837751,00:04:28,7186,113,,10422,134
874.00690934475,00:04:29,7187,113,,10454,135
875.00790985175,00:04:30,7189,113,,10487,135
876.008910358749,00:04:31,,113,,10519,135
877.009910865749,00:04:32,7192,113,,10552,136
878.010911372748,00:04:33,7194,113,,10585,136
879.011911879747,00:04:34,7197,113,,10618,136
880.012912386747,00:04:35,,113,,10652,137
881.013912893746,00:04:36,7202,113,,10685,137
882.014913400746,00:04:37,7204,,,10719,137
883.015913907745,00:04:38,7207,112,,10753,138
884.016914414744,00:04:39,7210,112,,,138
885.017914921744,00:04:40,7213,112,,10821,138
886.018915428743,00:04:41,7216,112,,10856,138
887.019915935743,00:04:42,7220,112,,10891,139
887.987549759175,00:04:43,7223,111,,10924,139
888.988550266175,00:04:44,7227,111,,10959,139
889.989550773174,00:04:45,7231,111,,10994,140
890.990551280174,00:04:46,7234,111,,11026,140
891.991551787173,00:04:47,7239,111,,11062,140
892.992552294172,00:04:48,7243,110,,11099,140
893.993552801172,00:04:49,7247,110,,11135,141
894.994553308171,00:04:50,7252,110,,,141
895.995553815171,00:04:51,7257,110,,,141
896.99655432217,00:04:52,7262,109,,,141
897.997554829169,00:04:53,7267,109,,,142
898.998555336169,00:04:54,7272,109,,11316,142
899.999555843168,00:04:55,7277,109,,11353,142
901.000556350168,00:04:56,7283,108,,11390,142
902.001556857167,00:04:57,7288,108,,11427,143
903.002557364166,00:04:58,7294,108,,11464,143
904.003557871166,00:04:59,7300,107,,11502,143
905.004558378165,00:05:00,7306,107,,11539,143
906.005558885165,00:05:01,7312,107,,,144
907.006559392164,00:05:02,7318,106,,11615,144
908.007559899164,00:05:03,7325,106,,11653,144
909.008560406163,00:05:04,7331,106,,11691,144
910.009560913162,00:05:05,7338,105,,,144
911.010561420162,00:05:06,7345,105,,,145
912.011561927161,00:05:07,7352,104,,,145
913.012562434161,00:05:08,7359,104,,11846,145
914.01356294116,00:05:09,7366,104,,11885,145
915.014563448159,00:05:10,7374,103,,11924,145
916.015563955159,00:05:11,7381,103,,11963,146
917.016564462158,00:05:12,7389,102,,12003,146
918.017564969158,00:05:13,7397,102,,12043,146
919.018565476157,00:05:14,7405,101,,12083,146
920.019565983156,00:05:15,7413,101,,12124,146
920.987199806589,00:05:16,7421,100,,12163,146
921.988200313589,00:05:17,7429,99.9,,12203,147
922.989200820588,00:05:18,7438,99.4,,12244,147
923.990201327587,00:05:19,7446,98.9,,12285,147
924.991201834587,00:05:20,7455,98.4,,12326,147
925.992202341586,00:05:21,7464,97.8,,12368,147
926.993202848586,00:05:22,7473,97.3,,12409,147
927.994203355585,00:05:23,7482,96.8,,12451,148
928.995203862584,00:05:24,7491,96.2,,12493,148
929.996204369584,00:05:25,7501,95.7,,12535,148
930.997204876583,00:05:26,7511,95.1,,12577,148
931.998205383583,00:05:27,7520,94.5,,12619,148
932.999205890582,00:05:28,7530,94,,12662,148
934.000206397582,00:05:29,7540,93.4,,,148
935.001206904581,00:05:30,7550,92.8,,,149
936.00220741158,00:05:31,7561,92.1,,,149
937.00320791858,00:05:32,7571,91.5,,12836,149
938.004208425579,00:05:33,7581,90.9,,12879,149
939.005208932579,00:05:34,7592,90.3,,12923,149
940.006209439578,00:05:35,7603,89.6,,12968,149
941.007209946577,00:05:36,7614,89,,13012,149
942.008210453577,00:05:37,7625,88.3,,,149
943.009210960576,00:05:38,7636,87.6,,13101,149
944.010211467576,00:05:39,7647,87,,13146,149
945.011211974575,00:05:40,7659,86.3,,13191,150
946.012212481574,00:05:41,7670,85.6,,13237,150
947.013212988574,00:05:42,7682,84.9,,13282,150
948.014213495573,00:05:43,7694,84.2,,13329,150
949.015214002573,00:05:44,7706,83.4,,13375,150
950.016214509572,00:05:45,7718,,,13421,150
951.017215016571,00:05:46,7730,82,,13468,150
952.018215523571,00:05:47,7743,,,13516,150
953.01921603057,00:05:48,7755,80.4,,13563,150
954.02021653757,00:05:49,7768,79.7,,13610,150
954.987850361002,00:05:50,7780,78.9,,13656,150
955.988850868002,00:05:51,7792,78.1,,,150
956.989851375001,00:05:52,7805,77.4,,13752,150
957.990851882001,00:05:53,7818,76.6,,13800,151
958.991852389,00:05:54,7831,75.7,,13848,151
959.992852895999,00:05:55,7844,74.9,,13897,151
960.993853402999,00:05:56,7858,74.1,,13946,151
961.994853909998,00:05:57,7871,73.3,,13995,151
962.995854416998,00:05:58,7884,72.4,,14044,151
963.996854923997,00:05:59,7898,71.6,,14093,151
964.997855430997,00:06:00,7911,70.7,,14143,151
965.998855937996,00:06:01,,69.8,,14194,151
966.999856444995,00:06:02,,68.9,,14244,151
968.000856951995,00:06:03,,68,,14296,151
969.001857458994,00:06:04,,67.1,,14345,151
970.002857965994,00:06:05,,66.2,,14397,151
971.003858472993,00:06:06,,65.3,,14449,151
972.004858979992,00:06:07,,64.4,,14501,151
973.005859486992,00:06:08,,63.5,,14553,151
974.006859993991,00:06:09,,62.5,,14604,151
975.007860500991,00:06:10,,61.6,,,151
976.00886100799,00:06:11,,60.7,,14709,151
977.009861514989,00:06:12,,59.7,,,151
978.010862021989,00:06:13,,58.8,,14815,151
979.011862528988,00:06:14,,57.9,,14870,151
980.012863035988,00:06:15,,57,,14923,151
981.013863542987,00:06:16,,56.2,,14977,151
982.014864049986,00:06:17,,55.3,,15031,151
983.015864556986,00:06:18,,54.4,,15086,151
984.016865063985,00:06:19,,53.6,,15141,151
985.017865570985,00:06:20,,52.8,,15197,151
986.018866077984,00:06:21,,52,,15253,151
987.019866584983,00:06:22,,51.2,,15308,151
987.987500408416,00:06:23,,50.4,,15362,151
988.988500915416,00:06:24,,49.7,,15418,151
989.989501422415,00:06:25,,48.9,,15474,151
990.990501929415,00:06:26,,48.2,,15531,151
991.991502436414,00:06:27,,47.5,,15589,151
992.992502943413,00:06:28,,46.8,,15647,151
993.993503450413,00:06:29,,46.2,,15705,151
994.994503957412,00:06:30,5317,45.5,,,151
995.995504464412,00:06:31,5328,44.8,,15821,151
996.996504971411,00:06:32,5339,44.1,,15879,151
997.99750547841,00:06:33,5350,43.4,,15938,151
998.99850598541,00:06:34,5360,42.7,,15998,151
999.999506492409,00:06:35,5369,42,,,151
1001.00050699941,00:06:36,5378,41.2,,16118,151
1002.00150750641,00:06:37,5386,40.5,,16179,151
1003.00250801341,00:06:38,5393,39.7,,16240,151
1004.00350852041,00:06:39,5399,39,,16301,150
1005.00450902741,00:06:40,5403,38.2,,16362,150
1006.00550953441,00:06:41,5407,37.5,,16424,150
1007.00651004141,00:06:42,5408,36.7,,16486,150
1008.0075105484,00:06:43,5407,35.9,,16548,150
1009.0085110554,00:06:44,5404,35.2,,16611,150
1010.0095115624,00:06:45,5398,34.4,,16675,150
1011.0105120694,00:06:46,5390,33.6,,16738,150
1012.0115125764,00:06:47,5378,32.8,,16802,150
1013.0125130834,00:06:48,5361,32,,16867,150
1014.0135135904,00:06:49,5340,31.2,,,150
1015.0145140974,00:06:50,5315,30.3,,16997,150
1016.0155146044,00:06:51,5283,29.5,,,150
1017.0165151114,00:06:52,5246,,,17128,150
1018.0175156184,00:06:53,5201,,,17195,150
1019.0185161254,00:06:54,5147,,,,149
1020.0195166324,00:06:55,5086,26.2,,17330,149
1020.98715045583,00:06:56,5017,25.5,,17395,149
1021.98815096283,00:06:57,4938,24.6,,17463,149
1022.98915146983,00:06:58,4847,23.8,,17532,149
1023.99015197683,00:06:59,4747,23,,17600,149
1024.99115248383,00:07:00,4635,,,,149
1025.99215299083,00:07:01,4513,21.5,,17739,149
1026.99315349783,00:07:02,4380,20.7,,17809,149
1027.99415400483,00:07:03,4237,20,,17880,149
1028.99515451183,00:07:04,4083,19.3,,17951,149
1029.99615501882,00:07:05,3921,18.6,,18022,148
1030.99715552582,00:07:06,3755,17.9,,18094,148
1031.99815603282,00:07:07,3586,17.2,,18166,148
1032.99915653982,00:07:08,3414,16.6,,18240,148
1034.00015704682,00:07:09,3247,16,,18313,148
1035.00115755382,00:07:10,3086,15.4,,18387,148
1036.00215806082,00:07:11,2931,14.9,,18461,148
1037.00315856782,00:07:12,2783,14.4,,18536,148
1038.00415907482,00:07:13,2644,13.9,,18611,148
1039.00515958182,00:07:14,2512,13.4,,18686,148
1040.00616008882,00:07:15,2389,13,,,147
1041.00716059582,00:07:16,2274,12.6,,18838,147
1042.00816110282,00:07:17,2168,12.2,,18915,147
1043.00916160982,00:07:18,2069,11.9,,18992,147
1044.01016211682,00:07:19,1977,11.5,,19069,147
1045.01116262382,00:07:20,1891,11.2,,19147,147
1046.01216313082,00:07:21,,10.9,,19226,147
1047.01316363781,00:07:22,1738,10.6,,19305,147
1048.01416414481,00:07:23,1670,10.3,,19384,146
1049.01516465181,00:07:24,1607,10.1,,19464,146
1050.01616515881,00:07:25,1550,9.8,,19545,146
1051.01716566581,00:07:26,1497,9.6,,,146
1052.01816617281,00:07:27,1449,9.4,,19709,146
1053.01916667981,00:07:28,1407,9.1,,19791,146
1054.02016718681,00:07:29,1368,8.9,,19874,146
1054.98780101024,00:07:30,1334,8.7,,19954,146
1055.98880151724,00:07:31,1302,8.5,,20038,146
1056.98980202424,00:07:32,1273,8.3,,20123,145
1057.99080253124,00:07:33,1246,8.1,,20207,145
1058.99180303824,00:07:34,,7.9,,20293,145
1059.99280354524,00:07:35,1199,7,,20378,145
1060.99380405224,00:07:36,1179,7.5,,20465,145
1061.99480455924,00:07:37,1162,7.3,,20551,145
1062.99580506624,00:07:38,1147,7.1,,20638,145
1063.99680557324,00:07:39,1133,6.9,,20727,145
1064.99780608024,00:07:40,,6.7,,20816,144
1065.99880658724,00:07:41,1107,6.5,,20906,144
1066.99980709424,00:07:42,1095,6.3,,20996,144
1068.00080760124,00:07:43,1084,6.1,,21085,144
1069.00180810824,00:07:44,1072,5.9,,,144
1070.00280861523,00:07:45,,5.7,,21266,144
1071.00380912223,00:07:46,,5.5,,,144
1072.00480962923,00:07:47,1040,5.2,,21448,143
1073.00581013623,00:07:48,1029,5,,21540,143
1074.00681064323,00:07:49,1018,4.8,,21633,143
1075.00781115023,00:07:50,1008,4.6,,,143
1076.00881165723,00:07:51,997,4.4,,21820,143
1077.00981216423,00:07:52,987,4.2,,21915,143
1078.01081267123,00:07:53,977,4,,22010,143
1079.01181317823,00:07:54,967,3.8,,22106,143
1080.01281368523,00:07:55,,3.6,,,142
1081.01381419223,00:07:56,,3.4,,22302,142
1082.01481469923,00:07:57,,3.2,,22403,142
1083.01581520623,00:07:58,,3,,22500,142
1084.01681571323,00:07:59,,2.8,,22600,142
1085.01781622023,00:08:00,,2.5,,22703,142
1086.01881672722,00:08:01,,2.3,,22805,142
1087.01981723422,00:08:02,,2,,,142
1087.98745105766,00:08:03,,2,,23006,141
1088.98845156466,00:08:04,,1.8,,23107,141
1089.98945207166,00:08:05,,1.6,,23209,141
1090.99045257866,00:08:06,0,1.4,,23311,141
1091.99145308565,00:08:07,0,1.3,,23414,141
1092.99245359265,00:08:08,0,1.1,,23516,141
1093.99345409965,00:08:09,,1,,23620,141
1094.99445460665,00:08:10,,0.8,,23728,141
1095.99545511365,00:08:11,0,0.7,,23831,140
1096.99645562065,00:08:12,,0.6,,23937,140
1097.99745612765,00:08:13,,0.5,,24045,140
1098.99845663465,00:08:14,,0.4,,24152,140
1099.99945714165,00:08:15,,0.3,,24263,140
1101.00045764865,00:08:16,,0.2,,,140
1102.00145815565,00:08:17,,0.2,,24482,140
1103.00245866265,00:08:18,,0.1,,24595,140
1104.00345916965,00:08:19,,0.1,,,139
1105.00445967665,00:08:20,,0.1,,24822,139
1106.00546018365,00:08:21,,0,,24937,139
1107.00646069065,00:08:22,0,0,,25053,139
1108.00746119765,00:08:23,,0,,25171,139
1109.00846170464,00:08:24,,0,,25290,139
1110.00946221164,00:08:25,0,0,,25409,139
1111.01046271864,00:08:26,,0,,25530,139
1112.01146322564,00:08:27,,0,,25652,139
1113.01246373264,00:08:28,,0,,25775,139
1114.01346423964,00:08:29,,0,,25900,139
1115.01446474664,00:08:30,,0,,26026,138
1116.01546525364,,,,,,
1118.01846677464,00:08:33,,,,26443,138
1119.01846677464,00:08:34,,,,26552,138
1120.01846677464,00:08:35,,,,26677,138
1121.01846677464,00:08:36,,,,,138
1122.01846677464,00:08:37,,,,26938,138
1123.01846677464,00:08:38,,,,27066,138
1124.01846677463,00:08:39,,,,27208,138
1125.01846677463,00:08:40,,,,27352,138
1126.01846677463,00:08:41,,,,27480,138
1127.01846677463,00:08:42,,,,27614,138
1128.01846677463,00:08:43,,,,27702,138
1129.01846677463,00:08:44,,,,27739,138
1130.01846677463,00:08:45,,,,27749,138
1131.01846677463,00:08:46,,,,27753,138
1132.01846677463,00:08:47,,,,27754,138
1133.01846677463,00:08:48,,,,27755,138
1134.01846677462,00:08:49,,,,27755,138
1135.01846677462,00:08:50,,,,,
1136.01846677462,00:08:51,,,,,
1137.01846677462,00:08:52,,,,,
1138.01846677462,00:08:53,,,,,
1139.01846677462,00:08:54,,,,,
1140.01846677462,00:08:55,,,,,
1141.01846677462,00:08:56,,,,,
1142.01846677462,00:08:57,,,,,
