t_video_sec,time_str_primary,velocity1_kmh,altitude1_km,acceleration1_g,velocity2_kmh,altitude2_km,velocity3_kmh,altitude3_km
604.003705923443,00:00:00,0,0.1,1,,,,
605.004706430443,00:00:00,0,0.1,1,,,,
606.005706937442,00:00:01,1,0.1,1.2,,,,
607.006707444441,00:00:02,7,0.1,1.3,,,,
608.007707951441,00:00:03,14,0.1,1.4,,,,
609.00870845844,00:00:04,19,0.1,1.3,,,,
610.00970896544,00:00:05,28,0.1,1.4,,,,
611.010709472439,00:00:06,40,0.1,1.4,,,,
612.011709979438,00:00:07,54,0.1,1.4,,,,
613.012710486438,00:00:08,69,0.1,1.4,,,,
614.013710993437,00:00:09,84,0.2,1.4,,,,
615.014711500437,00:00:10,100,0.2,1.5,,,,
616.015712007436,00:00:11,116,0.2,1.5,,,,
617.016712514435,00:00:12,13,0.2,1.5,,,,
618.017713021435,00:00:13,149,0.2,1.5,,,,
619.018713528434,00:00:14,165,0.3,1.5,,,,
620.019714035434,00:00:15,182,0.3,1.5,,,,
620.987347858867,00:00:16,198,0.4,1.5,,,,
621.988348365866,00:00:17,216,0.4,1.5,,,,
622.989348872865,00:00:18,234,0.5,1.5,,,,
623.990349379865,00:00:19,252,0.5,1.5,,,,
624.991349886864,00:00:20,20,0.6,1.5,,,,
625.992350393863,00:00:21,289,0.6,1.5,,,,
626.993350900863,00:00:22,308,0.7,1.5,,,,
627.994351407862,00:00:23,327,0.8,1.6,,,,
628.995351914862,00:00:24,347,0.9,1.6,,,,
629.996352421861,00:00:25,367,1,1.6,,,,
630.997352928861,00:00:26,387,1,1.6,,,,
631.99835343586,00:00:27,407,1.1,1.6,,,,
632.999353942859,00:00:28,428,1.2,1.6,,,,
634.000354449859,00:00:29,450,1.3,1.6,,,,
635.001354956858,00:00:30,472,1.5,1.6,,,,
636.002355463858,00:00:31,494,1.6,1.6,,,,
637.003355970857,00:00:32,516,1.7,1.6,,,,
638.004356477856,00:00:33,539,1.8,1.7,,,,
639.005356984856,00:00:34,563,2,1.7,,,,
640.006357491855,00:00:35,586,2.1,1.7,,,,
641.007357998855,00:00:36,611,2.3,1.7,,,,
642.008358505854,00:00:37,636,2.4,1.7,,,,
643.009359012854,00:00:38,661,2.6,1.7,,,,
644.010359519853,00:00:39,687,2.7,1.7,,,,
645.011360026852,00:00:40,713,2.9,1.7,,,,
646.012360533852,00:00:41,740,3.1,1.7,,,,
647.013361040851,00:00:42,767,3.3,1.7,,,,
648.01436154785,00:00:43,794,3.5,1.8,,,,
649.01536205485,00:00:44,823,3.7,1.8,,,,
650.016362561849,00:00:45,851,3.9,1.8,,,,
651.017363068849,00:00:46,881,4.1,1.8,,,,
652.018363575848,00:00:47,911,4.3,1.8,,,,
653.019364082847,00:00:48,941,4.5,1.8,,,,
654.020364589847,00:00:49,972,4.8,1.8,,,,
654.98799841328,00:00:50,1003,5,1.8,,,,
655.988998920279,00:00:51,1035,5.3,1.8,,,,
656.989999427278,00:00:52,1065,5.5,1.6,,,,
657.990999934278,00:00:53,1090,5.8,1.4,,,,
658.992000441277,00:00:54,1110,6,1.4,,,,
659.993000948277,00:00:55,1127,6.3,1.3,,,,
660.994001455276,00:00:56,1143,6.6,1.3,,,,
661.995001962276,00:00:57,1158,6.9,1.3,,,,
662.996002469275,00:00:58,1174,7.1,1.3,,,,
663.997002976274,00:00:59,1191,7.4,1.5,,,,
664.998003483274,00:01:00,1212,7,1.7,,,,
665.999003990273,00:01:01,1240,8,1.8,,,,
667.000004497273,00:01:02,1271,8.3,1.8,,,,
668.001005004272,00:01:03,1305,8.6,1.9,,,,
669.002005511271,00:01:04,1340,8.9,1.9,,,,
670.003006018271,00:01:05,1375,9.2,1.9,,,,
671.00400652527,00:01:06,1412,9.5,1.9,,,,
672.00500703227,00:01:07,1449,9.9,1.9,,,,
673.006007539269,00:01:08,1486,10.2,1.9,,,,
674.007008046268,00:01:09,1525,10.5,1.9,,,,
675.008008553268,00:01:10,1564,10.8,1.9,,,,
676.009009060267,00:01:11,1605,11.2,1.9,,,,
677.010009567267,00:01:12,1645,11.5,2,,,,
678.011010074266,00:01:13,1686,11.9,2,,,,
679.012010581265,00:01:14,1728,12.3,2,,,,
680.013011088265,00:01:15,1771,12.6,2,,,,
681.014011595264,00:01:16,1814,13,2,,,,
682.015012102264,00:01:17,1859,13.4,2.1,,,,
683.016012609263,00:01:18,1905,13.8,2.1,,,,
684.017013116263,00:01:19,1951,14.2,2.1,,,,
685.018013623262,00:01:20,1998,14.5,2.1,,,,
686.019014130261,00:01:21,2046,14.9,2.1,,,,
687.020014637261,00:01:22,2096,15.4,2.2,,,,
687.987648460694,00:01:23,2144,15.8,2.2,,,,
688.988648967693,00:01:24,2196,16.2,2.2,,,,
689.989649474692,00:01:25,2249,16.6,2,,,,
690.990649981692,00:01:26,2303,17,2,,,,
691.991650488691,00:01:27,2357,17.5,2.3,,,,
692.992650995691,00:01:28,2413,17.9,2.3,,,,
693.99365150269,00:01:29,2470,18.3,2.3,,,,
694.994652009689,00:01:30,2528,18.8,2.3,,,,
695.995652516689,00:01:31,2588,19.3,2.4,,,,
696.996653023688,00:01:32,2647,19.7,2.4,,,,
697.997653530688,00:01:33,2708,20.2,2.4,,,,
698.998654037687,00:01:34,2771,20.6,2.4,,,,
699.999654544687,00:01:35,2833,21.1,2.5,,,,
701.000655051686,00:01:36,2898,21.6,2.5,,,,
702.001655558685,00:01:37,2964,22.1,2.5,,,,
703.002656065685,00:01:38,3031,22.6,2.5,,,,
704.003656572684,00:01:39,3099,23.1,2.6,,,,
705.004657079683,00:01:40,3169,23.6,2.6,,,,
706.005657586683,00:01:41,3238,24.1,2.6,,,,
707.006658093682,00:01:42,3309,24.6,2.6,,,,
708.007658600682,00:01:43,3380,25.2,2.7,,,,
709.008659107681,00:01:44,3453,25.7,2.7,,,,
710.00965961468,00:01:45,3527,26.2,2.7,,,,
711.01066012168,00:01:46,3603,26.8,2.8,,,,
712.011660628679,00:01:47,3679,27.4,2.8,,,,
713.012661135679,00:01:48,3756,27.9,2.8,,,,
714.013661642678,00:01:49,3836,28.5,2.8,,,,
715.014662149678,00:01:50,3915,29.1,2.9,,,,
716.015662656677,00:01:51,3996,29.7,2.9,,,,
717.016663163676,00:01:52,4078,30.3,2.9,,,,
718.017663670676,00:01:53,4163,30.9,3,,,,
719.018664177675,00:01:54,4248,31.5,3,,,,
720.019664684675,00:01:55,4333,32.1,3,,,,
720.987298508107,00:01:56,4417,32.7,3,,,,
721.988299015107,00:01:57,4505,33.3,3.1,,,,
722.989299522106,00:01:58,4594,34,3.1,,,,
723.990300029106,00:01:59,4682,34.6,3.1,,,,
724.991300536105,00:02:00,4774,35.3,3.2,,,,
725.992301043104,00:02:01,4868,36,3.2,,,,
726.993301550104,00:02:02,4961,36.6,3.2,,,,
727.994302057103,00:02:03,5058,37.3,3.3,,,,
728.995302564103,00:02:04,5155,38,3.3,,,,
729.996303071102,00:02:05,5254,38.8,3.3,,,,
730.997303578101,00:02:06,5353,39.5,3.4,,,,
731.998304085101,00:02:07,5451,40.2,3.4,,,,
732.9993045921,00:02:08,5554,40.9,3.4,,,,
734.0003050991,00:02:09,5654,41.7,3.5,,,,
735.001305606099,00:02:10,5780,42.4,3.5,,,,
736.002306113099,00:02:11,5864,43.2,3.5,,,,
737.003306620098,00:02:12,5971,44,3.6,,,,
738.004307127097,00:02:13,6080,44.8,3.6,,,,
739.005307634097,00:02:14,6188,45.6,3.7,,,,
740.006308141096,00:02:15,6305,46.4,3.8,,,,
741.007308648096,00:02:16,6416,47.2,3.8,,,,
742.008309155095,00:02:17,6532,48.1,3.9,,,,
743.009309662094,00:02:18,6650,48.9,3.8,,,,
744.010310169094,00:02:19,6769,49.8,3.7,,,,
745.011310676093,00:02:20,6888,50.6,3.8,,,,
746.012311183093,00:02:21,7003,51.5,3.8,,,,
747.013311690092,00:02:22,7122,52.4,3.8,,,,
748.014312197091,00:02:23,7241,53.3,3.9,,,,
749.015312704091,00:02:24,7361,54.2,3.8,,,,
750.01631321109,00:02:25,7478,55.1,3.8,,,,
751.01731371809,00:02:26,7599,56,3.8,,,,
752.018314225089,00:02:27,7718,56.9,3.8,,,,
753.019314732088,00:02:28,7838,57.9,3.5,,,,
754.020315239088,00:02:29,7938,58.8,1.4,,,,
754.987949062521,00:02:30,7988,59.7,0.2,,,,
755.98894956952,00:02:31,8000,60.7,0,,,,
756.989950076519,00:02:32,,,,,,7993,61.6
757.990950583519,00:02:33,,,,,,7976,62.5
758.991951090518,00:02:34,,,,,,7960,63.5
759.992951597518,00:02:35,,,,,,7945,64.4
760.993952104517,00:02:36,,,,,,7930,65.3
761.994952611516,00:02:37,,,,,,7917,66.3
762.995953118516,00:02:38,,,,,,7903,67.2
763.996953625515,00:02:39,,,,,,7889,68.1
764.997954132515,00:02:40,,,,7908,,7875,69
765.998954639514,00:02:41,,,,7916,,7861,69.8
766.999955146514,00:02:42,,,,7927,,7847,70.7
768.000955653513,00:02:43,,,,7939,,7834,71.6
769.001956160512,00:02:44,,,,7952,,7821,72.4
770.002956667512,00:02:45,,,,7966,73.7,7808,73.3
771.003957174511,00:02:46,,,,7980,74.6,7795,74.1
772.004957681511,00:02:47,,,,7994,75.4,7782,75
773.00595818851,00:02:48,,,,8008,76.3,7769,75.8
774.006958695509,00:02:49,,,,8023,77.1,7757,76.6
775.007959202509,00:02:50,,,,8037,77.9,7745,77.4
776.008959709508,00:02:51,,,,8053,78.8,7732,78.2
777.009960216508,00:02:52,,,,8068,79.6,7720,79
778.010960723507,00:02:53,,,,8083,80.4,7708,79.7
779.011961230506,00:02:54,,,,8099,81.2,7696,80.5
780.012961737506,00:02:55,,,,8115,82,7685,81.3
781.013962244505,00:02:56,,,,8131,82.8,7673,82
782.014962751505,00:02:57,,,,8148,83.6,7662,82.7
783.015963258504,00:02:58,,,,8164,84.3,7650,83.5
784.016963765503,00:02:59,,,,8181,85.1,7639,84.2
785.017964272503,00:03:00,,,,8198,85.9,7627,84.9
786.018964779502,00:03:01,,,,8216,86.7,7616,85.6
787.019965286502,00:03:02,,,,8233,87.4,7605,86.3
787.987599109934,00:03:03,,,,8250,88.2,7595,87
788.988599616934,00:03:04,,,,8268,88.9,7584,87.7
789.989600123933,00:03:05,,,,8287,89.6,7574,88.3
790.990600630933,00:03:06,,,,8305,90.4,7563,89
791.991601137932,00:03:07,,,,8325,91.1,7553,89.7
792.992601644932,00:03:08,,,,8344,91.8,7543,90.3
793.993602151931,00:03:09,,,,8364,92.6,7533,90.9
794.99460265893,00:03:10,,,,8383,93.3,7523,91.6
795.99560316593,00:03:11,,,,8403,94,7513,92.2
796.996603672929,00:03:12,,,,8423,94.7,7503,92.8
797.997604179929,00:03:13,,,,8444,95.4,7494,93.4
798.998604686928,00:03:14,,,,8464,96.1,7484,94
799.999605193927,00:03:15,,,,8485,96.8,7475,94.6
801.000605700927,00:03:16,,,,8505,97.5,7466,95.1
802.001606207926,00:03:17,,,,8527,98.2,7457,95.7
803.002606714925,00:03:18,,,,8547,98.8,7448,96.3
804.003607221925,00:03:19,,,,8569,99.5,7439,96.8
805.004607728924,00:03:20,,,,8590,100,7431,97.3
806.005608235924,00:03:21,,,,8612,101,7423,97.9
807.006608742923,00:03:22,,,,8634,102,7414,98.4
808.007609249923,00:03:23,,,,8656,102,7406,98.9
809.008609756922,00:03:24,,,,8678,103,7398,99.4
810.009610263922,00:03:25,,,,8700,103,7390,99.9
811.010610770921,00:03:26,,,,8722,104,7382,100
812.01161127792,00:03:27,,,,8745,105,7375,101
813.01261178492,00:03:28,,,,8768,105,7367,101
814.013612291919,00:03:29,,,,8790,106,7360,102
815.014612798918,00:03:30,,,,8814,107,7353,102
816.015613305918,00:03:31,,,,8837,107,7346,103
817.016613812917,00:03:32,,,,8860,108,7339,103
818.017614319917,00:03:33,,,,8884,108,7332,104
819.018614826916,00:03:34,,,,8908,109,7326,104
820.019615333916,00:03:35,,,,8932,110,7319,104
820.987249157348,00:03:36,,,,8955,110,7313,105
821.988249664348,00:03:37,,,,8979,111,7307,105
822.989250171347,00:03:38,,,,9004,111,7301,106
823.990250678346,00:03:39,,,,9028,112,7295,106
824.991251185346,00:03:40,,,,9053,112,7289,106
825.992251692345,00:03:41,,,,9078,113,7283,107
826.993252199345,00:03:42,,,,9103,114,7278,107
827.994252706344,00:03:43,,,,9128,114,7273,107
828.995253213344,00:03:44,,,,9154,115,7267,108
829.996253720343,00:03:45,,,,9179,115,7262,108
830.997254227342,00:03:46,,,,9205,116,7257,108
831.998254734342,00:03:47,,,,9231,116,7253,109
832.999255241341,00:03:48,,,,9257,117,7248,109
834.000255748341,00:03:49,,,,9283,117,7244,109
835.00125625534,00:03:50,,,,9309,118,7239,109
836.002256762339,00:03:51,,,,9336,118,7235,110
837.003257269339,00:03:52,,,,9362,119,7231,110
838.004257776338,00:03:53,,,,9389,119,7227,110
839.005258283338,00:03:54,,,,9416,120,7224,110
840.006258790337,00:03:55,,,,9443,120,7220,111
841.007259297336,00:03:56,,,,9470,121,7217,111
842.008259804336,00:03:57,,,,9498,121,7213,111
843.009260311335,00:03:58,,,,9526,122,7210,111
844.010260818335,00:03:59,,,,9553,122,7207,111
845.011261325334,00:04:00,,,,9581,123,7204,112
846.012261832333,00:04:01,,,,9609,123,7202,112
847.013262339333,00:04:02,,,,9637,124,7199,112
848.014262846332,00:04:03,,,,9665,124,7197,112
849.015263353332,00:04:04,,,,9694,125,7195,112
850.016263860331,00:04:05,,,,9722,125,7192,112
851.017264367331,00:04:06,,,,9751,126,7190,113
852.01826487433,00:04:07,,,,9780,126,7189,113
853.019265381329,00:04:08,,,,9809,126,7187,113
854.020265888329,00:04:09,,,,9838,127,7186,113
854.987899711762,00:04:10,,,,9867,127,7184,113
855.988900218761,00:04:11,,,,9896,128,7183,113
856.98990072576,00:04:12,,,,9926,128,7182,113
857.99090123276,00:04:13,,,,9956,129,7181,113
858.991901739759,00:04:14,,,,9985,129,7180,113
859.992902246758,00:04:15,,,,10015,129,7180,113
860.993902753758,00:04:16,,,,10045,130,7179,113
861.994903260757,00:04:17,,,,10076,130,7179,114
862.995903767757,00:04:18,,,,10106,131,7179,114
863.996904274756,00:04:19,,,,10137,131,7179,114
864.997904781756,00:04:20,,,,10168,131,7179,114
865.998905288755,00:04:21,,,,10199,132,7179,114
866.999905795755,00:04:22,,,,10230,132,7180,114
868.000906302754,00:04:23,,,,10262,132,7180,114
869.001906809753,00:04:24,,,,10293,133,7181,114
870.002907316753,00:04:25,,,,10325,133,7182,114
871.003907823752,00:04:26,,,,10357,134,7183,113
872.004908330751,00:04:27,,,,10389,134,7184,113
873.005908837751,00:04:28,,,,10422,134,7186,113
874.00690934475,00:04:29,,,,10454,135,7187,113
875.00790985175,00:04:30,,,,10487,135,7189,113
876.008910358749,00:04:31,,,,10519,135,7190,113
877.009910865749,00:04:32,,,,10552,136,7192,113
878.010911372748,00:04:33,,,,10585,136,7194,113
879.011911879747,00:04:34,,,,10618,136,7197,113
880.012912386747,00:04:35,,,,10652,137,7199,113
881.013912893746,00:04:36,,,,10685,137,7202,113
882.014913400746,00:04:37,,,,10719,137,7204,112
883.015913907745,00:04:38,,,,10753,138,7207,112
884.016914414744,00:04:39,,,,10787,138,7210,112
885.017914921744,00:04:40,,,,10821,138,7213,112
886.018915428743,00:04:41,,,,10856,138,7216,112
887.019915935743,00:04:42,,,,10891,139,7220,112
887.987549759175,00:04:43,,,,10924,139,7223,111
888.988550266175,00:04:44,,,,10959,139,7227,111
889.989550773174,00:04:45,,,,10994,140,7231,111
890.990551280174,00:04:46,,,,11026,140,7234,111
891.991551787173,00:04:47,,,,11062,140,7239,111
892.992552294172,00:04:48,,,,11099,140,7243,110
893.993552801172,00:04:49,,,,11135,141,7247,110
894.994553308171,00:04:50,,,,11171,141,7252,110
895.995553815171,00:04:51,,,,11207,141,7257,110
896.99655432217,00:04:52,,,,11243,141,7262,109
897.997554829169,00:04:53,,,,11279,142,7267,109
898.998555336169,00:04:54,,,,11316,142,7272,109
899.999555843168,00:04:55,,,,11353,142,7277,109
901.000556350168,00:04:56,,,,11390,142,7283,108
902.001556857167,00:04:57,,,,11427,143,7288,108
903.002557364166,00:04:58,,,,11464,143,7294,108
904.003557871166,00:04:59,,,,11502,143,7300,107
905.004558378165,00:05:00,,,,11539,143,7306,107
906.005558885165,00:05:01,,,,11577,144,7312,107
907.006559392164,00:05:02,,,,11615,144,7318,106
908.007559899164,00:05:03,,,,11653,144,7325,106
909.008560406163,00:05:04,,,,11691,144,7331,106
910.009560913162,00:05:05,,,,11729,144,7338,105
911.010561420162,00:05:06,,,,11768,145,7345,105
912.011561927161,00:05:07,,,,11807,145,7352,104
913.012562434161,00:05:08,,,,11846,145,7359,104
914.01356294116,00:05:09,,,,11885,145,7366,104
915.014563448159,00:05:10,,,,11924,145,7374,103
916.015563955159,00:05:11,,,,11963,146,7381,103
917.016564462158,00:05:12,,,,12003,146,7389,102
918.017564969158,00:05:13,,,,12043,146,7397,102
919.018565476157,00:05:14,,,,12083,146,7405,101
920.019565983156,00:05:15,,,,12124,146,7413,101
920.987199806589,00:05:16,,,,12163,146,7421,100
921.988200313589,00:05:17,,,,12203,147,7429,99.9
922.989200820588,00:05:18,,,,12244,147,7438,99.4
923.990201327587,00:05:19,,,,12285,147,7446,98.9
924.991201834587,00:05:20,,,,12326,147,7455,98.4
925.992202341586,00:05:21,,,,12368,147,7464,97.8
926.993202848586,00:05:22,,,,12409,147,7473,97.3
927.994203355585,00:05:23,,,,12451,148,7482,96.8
928.995203862584,00:05:24,,,,12493,148,7491,96.2
929.996204369584,00:05:25,,,,12535,148,7501,95.7
930.997204876583,00:05:26,,,,12577,148,7511,95.1
931.998205383583,00:05:27,,,,12619,148,7520,94.5
932.999205890582,00:05:28,,,,12662,148,7530,94
934.000206397582,00:05:29,,,,12705,148,7540,93.4
935.001206904581,00:05:30,,,,12749,149,7550,92.8
936.00220741158,00:05:31,,,,12792,149,7561,92.1
937.00320791858,00:05:32,,,,12836,149,7571,91.5
938.004208425579,00:05:33,,,,12879,149,7581,90.9
939.005208932579,00:05:34,,,,12923,149,7592,90.3
940.006209439578,00:05:35,,,,12968,149,7603,89.6
941.007209946577,00:05:36,,,,13012,149,7614,89
942.008210453577,00:05:37,,,,13057,149,7625,88.3
943.009210960576,00:05:38,,,,13101,149,7636,87.6
944.010211467576,00:05:39,,,,13146,149,7647,87
945.011211974575,00:05:40,,,,13191,150,7659,86.3
946.012212481574,00:05:41,,,,13237,150,7870,85.6
947.013212988574,00:05:42,,,,13282,150,7682,84.9
948.014213495573,00:05:43,,,,13329,150,7694,84.2
949.015214002573,00:05:44,,,,13375,150,7708,83.4
950.016214509572,00:05:45,,,,13421,150,7718,82.7
951.017215016571,00:05:46,,,,13468,150,7730,82
952.018215523571,00:05:47,,,,13516,150,7743,81.2
953.01921603057,00:05:48,,,,13563,150,7755,80.4
954.02021653757,00:05:49,,,,13610,150,7768,79.7
954.987850361002,00:05:50,,,,13656,150,7780,78.9
955.988850868002,00:05:51,,,,13704,150,7792,78.1
956.989851375001,00:05:52,,,,13752,150,7805,77.4
957.990851882001,00:05:53,,,,13800,151,7818,76.6
958.991852389,00:05:54,,,,13848,151,7831,75.7
959.992852895999,00:05:55,,,,13897,151,7844,74.9
960.993853402999,00:05:56,,,,13946,151,7858,74.1
961.994853909998,00:05:57,,,,13995,151,7871,73.3
962.995854416998,00:05:58,,,,14044,151,7884,72.4
963.996854923997,00:05:59,,,,14093,151,7898,71.6
964.997855430997,00:06:00,,,,14143,151,7911,70.7
965.998855937996,00:06:01,,,,14194,151,,69.8
966.999856444995,00:06:02,,,,14244,151,,68.9
968.000856951995,00:06:03,,,,14296,151,,68
969.001857458994,00:06:04,,,,14345,151,,67.1
970.002857965994,00:06:05,,,,14397,151,,66.2
971.003858472993,00:06:06,,,,14449,151,,65.3
972.004858979992,00:06:07,,,,14501,151,,64.4
973.005859486992,00:06:08,,,,14553,151,,63.5
974.006859993991,00:06:09,,,,14604,151,,62.5
975.007860500991,00:06:10,,,,14657,151,,61.6
976.00886100799,00:06:11,,,,14709,151,,60.7
977.009861514989,00:06:12,,,,14762,151,,59.7
978.010862021989,00:06:13,,,,14815,151,,58.8
979.011862528988,00:06:14,,,,14870,151,,57.9
980.012863035988,00:06:15,,,,14923,151,,57
981.013863542987,00:06:16,,,,14977,151,,56.2
982.014864049986,00:06:17,,,,15031,151,,55.3
983.015864556986,00:06:18,,,,15086,151,,54.4
984.016865063985,00:06:19,,,,15141,151,,53.6
985.017865570985,00:06:20,,,,15197,151,,52.8
986.018866077984,00:06:21,,,,15253,151,,52
987.019866584983,00:06:22,,,,15308,151,,51.2
987.987500408416,00:06:23,,,,15362,151,,50.4
988.988500915416,00:06:24,,,,15418,151,,49.7
989.989501422415,00:06:25,,,,15474,151,,48.9
990.990501929415,00:06:26,,,,15531,151,,48.2
991.991502436414,00:06:27,,,,15589,151,,47.5
992.992502943413,00:06:28,,,,15647,151,,46.8
993.993503450413,00:06:29,,,,15705,151,,46.2
994.994503957412,00:06:30,,,,15762,151,5317,45.5
995.995504464412,00:06:31,,,,15821,151,5328,44.8
996.996504971411,00:06:32,,,,15879,151,5333,44.1
997.99750547841,00:06:33,,,,15938,151,5350,43.4
998.99850598541,00:06:34,,,,15998,151,5360,42.7
999.999506492409,00:06:35,,,,16057,151,5369,42
1001.00050699941,00:06:36,,,,16118,151,5378,41.2
1002.00150750641,00:06:37,,,,16179,151,5386,40.5
1003.00250801341,00:06:38,,,,16240,151,5393,39.7
1004.00350852041,00:06:39,,,,16301,150,5399,39
1005.00450902741,00:06:40,,,,16362,150,5403,38.2
1006.00550953441,00:06:41,,,,16424,150,5407,37.5
1007.00651004141,00:06:42,,,,16486,150,5408,36.7
1008.0075105484,00:06:43,,,,16548,150,5407,35.9
1009.0085110554,00:06:44,,,,16611,150,5404,35.2
1010.0095115624,00:06:45,,,,16675,150,5398,34.4
1011.0105120694,00:06:46,,,,16738,150,5390,33.6
1012.0115125764,00:06:47,,,,16802,150,5378,32.8
1013.0125130834,00:06:48,,,,16867,150,5361,32
1014.0135135904,00:06:49,,,,16932,150,5340,31.2
1015.0145140974,00:06:50,,,,16997,150,5315,30.3
1016.0155146044,00:06:51,,,,17062,150,5283,29.5
1017.0165151114,00:06:52,,,,17128,150,5246,28.7
1018.0175156184,00:06:53,,,,17195,150,5201,27.9
1019.0185161254,00:06:54,,,,17263,149,5147,27.1
1020.0195166324,00:06:55,,,,17330,149,5086,26.2
1020.98715045583,00:06:56,,,,17395,149,5017,25.5
1021.98815096283,00:06:57,,,,17463,149,4938,24.6
1022.98915146983,00:06:58,,,,17532,149,4847,23.8
1023.99015197683,00:06:59,,,,17600,149,4747,23
1024.99115248383,00:07:00,,,,17669,149,4635,22.3
1025.99215299083,00:07:01,,,,17739,149,4513,21.5
1026.99315349783,00:07:02,,,,17809,149,4380,20.7
1027.99415400483,00:07:03,,,,17880,149,4237,20
1028.99515451183,00:07:04,,,,17951,149,4083,19.3
1029.99615501882,00:07:05,,,,18022,148,3921,18.6
1030.99715552582,00:07:06,,,,18094,148,3755,17.9
1031.99815603282,00:07:07,,,,18166,148,3586,17.2
1032.99915653982,00:07:08,,,,18240,148,3414,16.6
1034.00015704682,00:07:09,,,,18313,148,3247,16
1035.00115755382,00:07:10,,,,18387,148,3086,15.4
1036.00215806082,00:07:11,,,,18461,148,2931,14.9
1037.00315856782,00:07:12,,,,18536,148,2783,14.4
1038.00415907482,00:07:13,,,,18611,148,2644,13.9
1039.00515958182,00:07:14,,,,18686,148,2512,13.4
1040.00616008882,00:07:15,,,,18762,147,2389,13
1041.00716059582,00:07:16,,,,18838,147,2274,12.6
1042.00816110282,00:07:17,,,,18915,147,2168,12.2
1043.00916160982,00:07:18,,,,18992,147,2069,11.9
1044.01016211682,00:07:19,,,,19069,147,1977,11.5
1045.01116262382,00:07:20,,,,19147,147,1891,11.2
1046.01216313082,00:07:21,,,,19226,147,1811,10.9
1047.01316363781,00:07:22,,,,19305,147,1738,10.6
1048.01416414481,00:07:23,,,,19384,146,1670,10.3
1049.01516465181,00:07:24,,,,19464,146,1607,10.1
1050.01616515881,00:07:25,,,,19545,146,1550,9.8
1051.01716566581,00:07:26,,,,19627,146,1497,9.6
1052.01816617281,00:07:27,,,,19709,146,1449,9.4
1053.01916667981,00:07:28,,,,19791,146,1407,9.1
1054.02016718681,00:07:29,,,,19874,146,1368,8.9
1054.98780101024,00:07:30,,,,19954,146,1334,8.7
1055.98880151724,00:07:31,,,,20038,146,1302,8.5
1056.98980202424,00:07:32,,,,20123,145,1273,8.3
1057.99080253124,00:07:33,,,,20207,145,1246,8.1
1058.99180303824,00:07:34,,,,20293,145,1222,7.9
1059.99280354524,00:07:35,,,,20378,145,1199,7
1060.99380405224,00:07:36,,,,20465,145,1179,7.5
1061.99480455924,00:07:37,,,,20551,145,1162,7.3
1062.99580506624,00:07:38,,,,20638,145,1147,7.1
1063.99680557324,00:07:39,,,,20727,145,1133,6.9
1064.99780608024,00:07:40,,,,20816,144,1120,6.7
1065.99880658724,00:07:41,,,,20906,144,1107,6.5
1066.99980709424,00:07:42,,,,20996,144,1095,6.3
1068.00080760124,00:07:43,,,,21085,144,1084,6.1
1069.00180810824,00:07:44,,,,21175,144,1072,5.9
1070.00280861523,00:07:45,,,,21266,144,1061,5.7
1071.00380912223,00:07:46,,,,21357,144,1051,5.5
1072.00480962923,00:07:47,,,,21448,143,1040,5.2
1073.00581013623,00:07:48,,,,21540,143,1029,5
1074.00681064323,00:07:49,,,,21633,143,1018,4.8
1075.00781115023,00:07:50,,,,21726,143,1008,4.6
1076.00881165723,00:07:51,,,,21820,143,997,4.4
1077.00981216423,00:07:52,,,,21915,143,987,4.2
1078.01081267123,00:07:53,,,,22010,143,977,4
1079.01181317823,00:07:54,,,,22106,143,967,3.8
1080.01281368523,00:07:55,,,,22205,142,,3.6
1081.01381419223,00:07:56,,,,22302,142,,3.4
1082.01481469923,00:07:57,,,,22403,142,,3.2
1083.01581520623,00:07:58,,,,22500,142,,3
1084.01681571323,00:07:59,,,,22600,142,,2.8
1085.01781622023,00:08:00,,,,22703,142,,2.5
1086.01881672722,00:08:01,,,,22805,142,,2.3
1087.01981723422,00:08:02,,,,22907,142,,2
1087.98745105766,00:08:03,,,,23006,141,,2
1088.98845156466,00:08:04,,,,23107,141,,1.8
1089.98945207166,00:08:05,,,,23209,141,,1.6
1090.99045257866,00:08:06,,,,23311,141,,1.4
1091.99145308565,00:08:07,,,,23414,141,,1.3
1092.99245359265,00:08:08,,,,23516,141,,1.1
1093.99345409965,00:08:09,,,,23620,141,,1
1094.99445460665,00:08:10,,,,23728,141,,0.8
1095.99545511365,00:08:11,,,,23831,140,,0.7
1096.99645562065,00:08:12,,,,23937,140,,0.6
1097.99745612765,00:08:13,,,,24045,140,,0.5
1098.99845663465,00:08:14,,,,24152,140,,0.4
1099.99945714165,00:08:15,,,,24263,140,,0.3
1101.00045764865,00:08:16,,,,24372,140,,0.2
1102.00145815565,00:08:17,,,,24482,140,,0.2
1103.00245866265,00:08:18,,,,24595,140,,0.1
1104.00345916965,00:08:19,,,,24708,139,,0.1
1105.00445967665,00:08:20,,,,24822,139,,0.1
1106.00546018365,00:08:21,,,,24937,139,,0
1107.00646069065,00:08:22,,,,25053,139,,
1108.00746119765,00:08:23,,,,25171,139,,
1109.00846170464,00:08:24,,,,25290,139,,
1110.00946221164,00:08:25,,,,25409,139,,
1111.01046271864,00:08:26,,,,25530,139,,
1112.01146322564,00:08:27,,,,25652,139,,
1113.01246373264,00:08:28,,,,25775,139,,
1114.01346423964,00:08:29,,,,25900,139,,
1115.01446474664,00:08:30,,,,26026,138,,
1116.01546525364,00:08:31,,,,,,,
1117.01646576064,00:08:32,,,,,,,
1118.01746626764,00:08:33,,,,26418,138,,
1119.01846677464,00:08:34,,,,26539,138,,
1120.01946728164,00:08:35,,,,26677,138,,
1120.98710110507,00:08:36,,,,26807,138,,
1121.98810161207,00:08:37,,,,26916,138,,
1122.98910211907,00:08:38,,,,27048,138,,
1123.99010262607,00:08:39,,,,27176,138,,
1124.99110313307,00:08:40,,,,27306,138,,
1125.99210364007,00:08:41,,,,27442,138,,
1126.99310414707,00:08:42,,,,27588,138,,
1127.99410465407,00:08:43,,,,27692,138,,
1128.99510516107,00:08:44,,,,27730,138,,
1129.99610566807,00:08:45,,,,27747,138,,
1130.99710617506,00:08:46,,,,27752,138,,
