t_video_sec,time_str_primary,speed_kmh,altitude_km,acceleration_g,velocity2_kmh,altitude2_km,acceleration2_g
843.008936336803,00:00:00,0,0,1,,,
844.00993645911,00:00:00,0,0,1.1,,,
845.010936581418,00:00:01,4,0,1.2,,,
846.011936703726,00:00:02,8,0,1.2,,,
847.012936826034,00:00:03,12,0,1.3,,,
848.013936948341,00:00:04,22,0,1.4,,,
849.014937070649,00:00:05,34,0,1.4,,,
850.015937192957,00:00:06,49,0,1.5,,,
851.016937315264,00:00:07,64,0,1.5,,,
852.017937437572,00:00:08,81,0,1.5,,,
853.01893755988,00:00:09,98,0,1.5,,,
854.019937682187,00:00:10,116,0.1,1.5,,,
855.020937804495,00:00:11,133,0.1,1.5,,,
856.021937926803,00:00:12,151,0.1,1.5,,,
857.022938049111,00:00:13,170,0.1,1.5,,,
858.023938171418,00:00:14,188,0.2,1.5,,,
859.024938293726,00:00:15,206,0.2,1.5,,,
859.99257174529,00:00:16,224,0.3,1.5,,,
860.993571867598,00:00:17,244,0.3,1.6,,,
861.994571989906,00:00:18,263,0.4,1.6,,,
862.995572112213,00:00:19,284,0.4,1.6,,,
863.996572234521,00:00:20,304,0.5,1.6,,,
864.997572356829,00:00:21,324,0.6,1.6,,,
865.998572479136,00:00:22,345,0.7,1.6,,,
866.999572601444,00:00:23,366,0.7,1.6,,,
868.000572723752,00:00:24,389,0.8,1.6,,,
869.001572846059,00:00:25,411,0.9,1.6,,,
870.002572968367,00:00:26,433,1,1.6,,,
871.003573090675,00:00:27,456,1.1,1.7,,,
872.004573212982,00:00:28,479,1.3,1.7,,,
873.00557333529,00:00:29,503,1.4,1.7,,,
874.006573457598,00:00:30,527,1.5,1.7,,,
875.007573579906,00:00:31,552,1.6,1.7,,,
876.008573702213,00:00:32,577,1.8,1.7,,,
877.009573824521,00:00:33,602,1.9,1.7,,,
878.010573946829,00:00:34,628,2,1.7,,,
879.011574069136,00:00:35,654,2.2,1.7,,,
880.012574191444,00:00:36,681,2.4,1.8,,,
881.013574313752,00:00:37,708,2.6,1.8,,,
882.014574436059,00:00:38,736,2.8,1.8,,,
883.015574558367,00:00:39,765,2.9,1.8,,,
884.016574680675,00:00:40,794,3.1,1.8,,,
885.017574802983,00:00:41,823,3.3,1.8,,,
886.01857492529,00:00:42,853,3.5,1.8,,,
887.019575047598,00:00:43,885,3.8,1.8,,,
888.020575169906,00:00:44,915,4,1.8,,,
889.021575292214,00:00:45,948,4.2,1.9,,,
890.022575414521,00:00:46,980,4.5,1.9,,,
891.023575536829,00:00:47,1013,4.7,1.9,,,
892.024575659137,00:00:48,1046,4.9,1.8,,,
893.025575781444,00:00:49,1076,5.2,1.6,,,
893.993209233008,00:00:50,1099,5.5,1.4,,,
894.994209355316,00:00:51,1119,5.7,1.4,,,
895.995209477624,00:00:52,1137,6,1.4,,,
896.996209599931,00:00:53,1154,6.3,1.4,,,
897.997209722239,00:00:54,1170,6.6,1.4,,,
898.998209844547,00:00:55,1187,6.9,1.4,,,
899.999209966855,00:00:56,1203,7.2,1.4,,,
901.000210089162,00:00:57,1220,7.5,1.4,,,
902.00121021147,00:00:58,1238,7.8,1.4,,,
903.002210333778,00:00:59,1255,8.1,1.4,,,
904.003210456085,00:01:00,1274,8.4,1.4,,,
905.004210578393,00:01:01,1293,8.7,1.4,,,
906.005210700701,00:01:02,1313,9,1.6,,,
907.006210823008,00:01:03,1338,9.3,1.8,,,
908.007210945316,00:01:04,1370,9.6,1.9,,,
909.008211067624,00:01:05,1406,9.9,2,,,
910.009211189932,00:01:06,1444,10.3,2,,,
911.010211312239,00:01:07,1484,10.6,2,,,
912.011211434547,00:01:08,1524,10.9,2,,,
913.012211556855,00:01:09,1565,11.3,2,,,
914.013211679163,00:01:10,1607,11.6,2,,,
915.01421180147,00:01:11,1650,12,2,,,
916.015211923778,00:01:12,1694,12.3,2,,,
917.016212046086,00:01:13,1738,12.7,2,,,
918.017212168393,00:01:14,1784,13,2,,,
919.018212290701,00:01:15,1830,13.4,2,,,
920.019212413009,00:01:16,1877,13.8,2,,,
921.020212535316,00:01:17,1926,14.2,2.1,,,
922.021212657624,00:01:18,1978,14.6,2.2,,,
923.022212779932,00:01:19,2028,15,2.2,,,
924.023212902239,00:01:20,2079,15.4,2.2,,,
925.024213024547,00:01:21,2132,15.8,2.2,,,
926.025213146855,00:01:22,2186,16.2,2.3,,,
926.992846598419,00:01:23,2239,16.6,2.3,,,
927.993846720727,00:01:24,2295,17,2.3,,,
928.994846843034,00:01:25,2352,17.5,2.3,,,
929.995846965342,00:01:26,2410,17.9,2.3,,,
930.99684708765,00:01:27,2469,18.3,2.4,,,
931.997847209957,00:01:28,2530,18.8,2.4,,,
932.998847332265,00:01:29,2591,19.2,2.4,,,
933.999847454573,00:01:30,2654,19.7,2.4,,,
935.000847576881,00:01:31,2718,20.1,2.5,,,
936.001847699188,00:01:32,2783,20.6,2.5,,,
937.002847821496,00:01:33,2849,21.1,2.5,,,
938.003847943804,00:01:34,2916,21.5,2.5,,,
939.004848066111,00:01:35,2985,22,2.6,,,
940.005848188419,00:01:36,3055,22.5,2.6,,,
941.006848310727,00:01:37,3126,23,2.6,,,
942.007848433035,00:01:38,3198,23.5,2.7,,,
943.008848555342,00:01:39,3272,24,2.1,,,
944.00984867765,00:01:40,3346,24.5,2.1,,,
945.010848799958,00:01:41,3421,25,2.1,,,
946.011848922265,00:01:42,3498,25.5,2.8,,,
947.012849044573,00:01:43,3576,26.1,2.8,,,
948.013849166881,00:01:44,3655,26.6,2.8,,,
949.014849289188,00:01:45,3735,27.1,2.9,,,
950.015849411496,00:01:46,3817,27,2.9,,,
951.016849533804,00:01:47,3900,28.2,2.9,,,
952.017849656112,00:01:48,3984,28.8,3,,,
953.018849778419,00:01:49,4070,29.3,3,,,
954.019849900727,00:01:50,4157,29.9,3,,,
955.020850023035,00:01:51,4246,30.5,3,,,
956.021850145342,00:01:52,4336,31,3.1,,,
957.02285026765,00:01:53,4430,31.7,3.1,,,
958.023850389958,00:01:54,4522,32.2,3.2,,,
959.024850512265,00:01:55,4616,32.8,3.2,,,
959.992483963829,00:01:56,4709,33.4,3.2,,,
960.993484086137,00:01:57,4807,34.1,3.3,,,
961.994484208445,00:01:58,4904,34.7,3.3,,,
962.995484330753,00:01:59,5004,35.3,3.3,,,
963.99648445306,00:02:00,5105,35.9,3.4,,,
964.997484575368,00:02:01,5207,36.6,3.4,,,
965.998484697676,00:02:02,5311,37.2,3.4,,,
966.999484819984,00:02:03,5417,37.9,3.5,,,
968.000484942291,00:02:04,5523,38.6,3.5,,,
969.001485064599,00:02:05,5633,39.3,3.6,,,
970.002485186907,00:02:06,5738,39.9,3.6,,,
971.003485309214,00:02:07,5855,40.6,3.7,,,
972.004485431522,00:02:08,5966,41.3,3.7,,,
973.00548555383,00:02:09,6081,42,3.7,,,
974.006485676137,00:02:10,6197,42.8,3.8,,,
975.007485798445,00:02:11,6314,43.5,3.8,,,
976.008485920753,00:02:12,6435,44.2,3.9,,,
977.00948604306,00:02:13,6555,45,3.9,,,
978.010486165368,00:02:14,6677,45.7,3.8,,,
979.011486287676,00:02:15,6796,46.5,3.8,,,
980.012486409984,00:02:16,6916,47.3,3.8,,,
981.013486532291,00:02:17,7036,48,3.9,,,
982.014486654599,00:02:18,7157,48.8,3.9,,,
983.015486776907,00:02:19,7280,49.6,3.8,,,
984.016486899214,00:02:20,7403,50.5,3.9,,,
985.017487021522,00:02:21,7529,51.3,3.9,,,
986.01848714383,00:02:22,7653,52.1,3.8,,,
987.019487266137,00:02:23,7774,53,3.8,,,
988.020487388445,00:02:24,7893,53.8,3.8,,,
989.021487510753,00:02:25,8015,54.7,3.8,,,
990.022487633061,00:02:26,8136,55.5,3.9,,,
991.023487755368,00:02:27,8259,56.4,3.7,,,
992.024487877676,00:02:28,8379,57.3,3.7,,,
993.025487999984,00:02:29,8498,58.2,3.7,,,
993.993121451548,00:02:30,8612,59,3.7,,,
994.994121573856,00:02:31,8731,59.9,3.8,,,
995.995121696163,00:02:32,8851,60.8,3.8,,,
996.996121818471,00:02:33,8972,61.7,3.9,,,
997.997121940779,00:02:34,9095,62.6,3.9,,,
998.998122063086,00:02:35,9218,63.5,3.8,,,
999.999122185394,00:02:36,9341,64.5,3.8,,,
1001.0001223077,00:02:37,9464,65.4,3.8,,,
1002.00112243001,00:02:38,9587,66.3,3.9,,,
1003.00212255232,00:02:39,9710,67.2,3.8,,,
1004.00312267462,00:02:40,9821,68.2,1.6,,,
1005.00412279693,00:02:41,9880,69.1,0.2,,,
1006.00512291924,00:02:42,9896,70.1,0,,,
1007.00612304155,00:02:43,,,,,,
1008.00712316386,00:02:44,,,,9888,72.4,0
1009.00812328616,00:02:45,,,,9878,73.3,0
1010.00912340847,00:02:46,,,,9868,74.3,0
1011.01012353078,00:02:47,,,,9856,75.2,0
1012.01112365309,00:02:48,,,,9845,76.1,0
1013.01212377539,00:02:49,,,,9834,77,0
1014.0131238977,00:02:50,,,,9829,77.9,0.4
1015.01412402001,00:02:51,,,,9836,78.8,0.8
1016.01512414232,00:02:52,,,,9849,79.7,0.8
1017.01612426463,00:02:53,,,,9865,80.6,0.8
1018.01712438693,00:02:54,,,,9883,81.5,0.8
1019.01812450924,00:02:55,,,,9901,82.3,0.8
1020.01912463155,00:02:56,,,,9919,83.2,0.8
1021.02012475386,00:02:57,,,,9938,84,0.8
1022.02112487616,00:02:58,,,,9957,84.9,0.8
1023.02212499847,00:02:59,,,,9976,85.7,0.8
1024.02312512078,00:03:00,,,,9996,86.6,0.8
1025.02412524309,00:03:01,,,,10015,87.4,0.8
1026.02512536539,00:03:02,,,,10035,88.2,0.9
1026.99275881696,00:03:03,,,,10055,89,0.9
1027.99375893927,00:03:04,,,,10075,89.8,0.9
1028.99475906157,00:03:05,,,,10095,90.7,0.9
1029.99575918388,00:03:06,,,,10116,91.5,0.9
1030.99675930619,00:03:07,,,,10137,92.3,0.9
1031.9977594285,00:03:08,,,,10158,93.1,0.9
1032.9987595508,00:03:09,,,,10180,93.9,0.9
1033.99975967311,00:03:10,,,,10202,94.6,0.9
1035.00075979542,00:03:11,,,,10224,95.4,0.9
1036.00175991773,00:03:12,,,,10246,96.2,0.9
1037.00276004004,00:03:13,,,,10268,97,0.9
1038.00376016234,00:03:14,,,,10290,97.7,0.9
1039.00476028465,00:03:15,,,,10313,98.5,0.9
1040.00576040696,00:03:16,,,,10336,99.3,0.9
1041.00676052927,00:03:17,,,,10359,100,0.9
1042.00776065157,00:03:18,,,,10382,101,0.9
1043.00876077388,00:03:19,,,,10405,101,0.9
1044.00976089619,00:03:20,,,,10428,102,0.9
1045.0107610185,00:03:21,,,,10452,103,0.9
1046.0117611408,00:03:22,,,,10475,104,0.9
1047.01276126311,00:03:23,,,,10499,104,0.9
1048.01376138542,00:03:24,,,,10523,105,0.9
1049.01476150773,00:03:25,,,,10548,106,0.9
1050.01576163004,00:03:26,,,,10572,107,0.9
1051.01676175234,00:03:27,,,,10597,107,0.9
1052.01776187465,00:03:28,,,,10622,108,0.9
1053.01876199696,00:03:29,,,,10646,109,0.9
1054.01976211927,00:03:30,,,,10671,109,0.9
1055.02076224157,00:03:31,,,,10696,110,0.9
1056.02176236388,00:03:32,,,,10721,111,0.9
1057.02276248619,00:03:33,,,,10747,111,0.9
1058.0237626085,00:03:34,,,,10773,112,0.9
1059.0247627308,00:03:35,,,,10799,113,0.9
1059.99239618237,00:03:36,,,,10823,113,0.9
1060.99339630468,00:03:37,,,,10850,114,0.9
1061.99439642698,00:03:38,,,,10876,115,1
1062.99539654929,00:03:39,,,,10902,115,1
1063.9963966716,00:03:40,,,,10929,116,1
1064.99739679391,00:03:41,,,,10956,116,1
1065.99839691622,00:03:42,,,,10984,117,1
1066.99939703852,00:03:43,,,,11012,118,1
1068.00039716083,00:03:44,,,,11041,118,1
1069.00139728314,00:03:45,,,,11070,119,1
1070.00239740545,00:03:46,,,,11099,120,1
1071.00339752775,00:03:47,,,,11128,120,1
1072.00439765006,00:03:48,,,,11157,121,1
1073.00539777237,00:03:49,,,,11187,121,1
1074.00639789468,00:03:50,,,,11216,122,1
1075.00739801698,00:03:51,,,,11246,122,1
1076.00839813929,00:03:52,,,,11276,123,1
1077.0093982616,00:03:53,,,,11307,124,1
1078.01039838391,00:03:54,,,,11337,124,1
1079.01139850622,00:03:55,,,,11368,125,1
1080.01239862852,00:03:56,,,,11399,125,1
1081.01339875083,00:03:57,,,,11429,126,1
1082.01439887314,00:03:58,,,,11461,126,1.1
1083.01539899545,00:03:59,,,,11492,127,1.1
1084.01639911775,00:04:00,,,,11525,127,1.1
1085.01739924006,00:04:01,,,,11557,128,1.1
1086.01839936237,00:04:02,,,,11589,129,1.1
1087.01939948468,00:04:03,,,,11621,129,1.1
1088.02039960698,00:04:04,,,,11653,130,1.1
1089.02139972929,00:04:05,,,,11685,130,1.1
1090.0223998516,00:04:06,,,,11718,131,1.1
1091.02339997391,00:04:07,,,,11751,131,1.1
1092.02440009622,00:04:08,,,,11784,132,1.1
1093.02540021852,00:04:09,,,,11817,132,1.1
1093.99303367009,00:04:10,,,,11849,133,1.1
1094.9940337924,00:04:11,,,,11882,133,1.1
1095.9950339147,00:04:12,,,,11916,134,1.1
1096.99603403701,00:04:13,,,,11949,134,1.1
1097.99703415932,00:04:14,,,,11984,134,1.1
1098.99803428163,00:04:15,,,,12018,135,1.1
1099.99903440393,00:04:16,,,,12052,135,1.1
1101.00003452624,00:04:17,,,,12087,136,1.1
1102.00103464855,00:04:18,,,,12121,136,1.1
1103.00203477086,00:04:19,,,,12156,137,1.1
1104.00303489316,00:04:20,,,,12191,137,1.1
1105.00403501547,00:04:21,,,,12226,138,1.1
1106.00503513778,00:04:22,,,,12262,138,1.1
1107.00603526009,00:04:23,,,,12297,139,1.1
1108.00703538239,00:04:24,,,,12333,139,1.1
1109.0080355047,00:04:25,,,,12369,139,1.1
1110.00903562701,00:04:26,,,,12405,140,1.1
1111.01003574932,00:04:27,,,,12442,140,1.2
1112.01103587163,00:04:28,,,,12478,141,1.2
1113.01203599393,00:04:29,,,,12515,141,1.2
1114.01303611624,00:04:30,,,,12552,141,1.2
1115.01403623855,00:04:31,,,,12589,142,1.2
1116.01503636086,00:04:32,,,,12627,142,1.2
1117.01603648316,00:04:33,,,,12664,143,1.2
1118.01703660547,00:04:34,,,,12702,143,1.2
1119.01803672778,00:04:35,,,,12739,143,1.2
1120.01903685009,00:04:36,,,,12778,144,1.2
1121.0200369724,00:04:37,,,,12815,144,1.2
1122.0210370947,00:04:38,,,,12854,144,1.2
1123.02203721701,00:04:39,,,,12892,145,1.2
1124.02303733932,00:04:40,,,,12931,145,1.2
1125.02403746163,00:04:41,,,,12970,146,1.2
1126.02503758393,00:04:42,,,,13009,146,1.2
1126.9926710355,00:04:43,,,,13046,146,1.2
1127.99367115781,00:04:44,,,,13086,147,1.2
1128.99467128011,00:04:45,,,,13125,147,1.2
1129.99567140242,00:04:46,,,,13165,147,1.2
1130.99667152473,00:04:47,,,,13205,148,1.2
1131.99767164704,00:04:48,,,,13244,148,1.2
1132.99867176934,00:04:49,,,,13285,148,1.2
1133.99967189165,00:04:50,,,,13325,148,1.2
1135.00067201396,00:04:51,,,,13366,149,1.2
1136.00167213627,00:04:52,,,,13407,149,1.3
1137.00267225857,00:04:53,,,,13447,149,1.3
1138.00367238088,00:04:54,,,,13488,150,1.3
1139.00467250319,00:04:55,,,,13529,150,1.3
1140.0056726255,00:04:56,,,,13570,150,1.3
1141.00667274781,00:04:57,,,,13612,151,1.3
1142.00767287011,00:04:58,,,,13654,151,1.3
1143.00867299242,00:04:59,,,,13696,151,1.3
1144.00967311473,00:05:00,,,,13739,151,1.3
1145.01067323704,00:05:01,,,,13782,152,1.3
1146.01167335934,00:05:02,,,,13826,152,1.3
1147.01267348165,00:05:03,,,,13869,152,1.3
1148.01367360396,00:05:04,,,,13912,153,1.3
1149.01467372627,00:05:05,,,,13956,153,1.3
1150.01567384857,00:05:06,,,,13999,153,1.3
1151.01667397088,00:05:07,,,,14043,153,1.3
1152.01767409319,00:05:08,,,,14087,154,1.3
1153.0186742155,00:05:09,,,,14132,154,1.3
1154.01967433781,00:05:10,,,,14176,154,1.3
1155.02067446011,00:05:11,,,,14222,154,1.3
1156.02167458242,00:05:12,,,,14267,154,1.4
1157.02267470473,00:05:13,,,,14312,155,1.4
1158.02367482704,00:05:14,,,,14357,155,1.4
1159.02467494934,00:05:15,,,,14403,155,1.4
1159.99230840091,00:05:16,,,,14447,155,1.4
1160.99330852322,00:05:17,,,,14493,156,1.4
1161.99430864552,00:05:18,,,,14540,156,1.4
1162.99530876783,00:05:19,,,,14587,156,1.4
1163.99630889014,00:05:20,,,,14633,156,1.4
1164.99730901245,00:05:21,,,,14680,156,1.4
1165.99830913475,00:05:22,,,,14728,157,1.4
1166.99930925706,00:05:23,,,,14776,157,1.4
1168.00030937937,00:05:24,,,,14823,157,1.4
1169.00130950168,00:05:25,,,,14871,157,1.4
1170.00230962399,00:05:26,,,,14920,157,1.4
1171.00330974629,00:05:27,,,,14968,158,1.4
1172.0043098686,00:05:28,,,,15017,158,1.4
1173.00530999091,00:05:29,,,,15066,158,1.4
1174.00631011322,00:05:30,,,,15115,158,1.5
1175.00731023552,00:05:31,,,,15165,158,1.5
1176.00831035783,00:05:32,,,,15215,158,1.5
1177.00931048014,00:05:33,,,,15265,159,1.5
1178.01031060245,00:05:34,,,,15315,159,1.5
1179.01131072475,00:05:35,,,,15365,159,1.5
1180.01231084706,00:05:36,,,,15416,159,1.5
1181.01331096937,00:05:37,,,,15469,159,1.5
1182.01431109168,00:05:38,,,,15518,159,1.5
1183.01531121399,00:05:39,,,,15570,159,1.5
1184.01631133629,00:05:40,,,,15622,160,1.5
1185.0173114586,00:05:41,,,,15676,160,1.5
1186.01831158091,00:05:42,,,,15728,160,1.5
1187.01931170322,00:05:43,,,,15781,160,1.5
1188.02031182552,00:05:44,,,,15834,160,1.5
1189.02131194783,00:05:45,,,,15887,160,1.6
1190.02231207014,00:05:46,,,,15940,160,1.6
1191.02331219245,00:05:47,,,,15994,160,1.6
1192.02431231475,00:05:48,,,,16048,160,1.6
1193.02531243706,00:05:49,,,,16102,161,1.6
1193.99294588863,00:05:50,,,,16155,161,1.6
1194.99394601093,00:05:51,,,,16210,161,1.6
1195.99494613324,00:05:52,,,,16265,161,1.6
1196.99594625555,00:05:53,,,,16320,161,1.6
1197.99694637786,00:05:54,,,,16376,161,1.6
1198.99794650017,00:05:55,,,,16432,161,1.6
1199.99894662247,00:05:56,,,,16488,161,1.6
1200.99994674478,00:05:57,,,,16545,161,1.6
1202.00094686709,00:05:58,,,,16602,161,1.6
1203.0019469894,00:05:59,,,,16659,161,1.7
1204.0029471117,00:06:00,,,,16716,162,1.7
1205.00394723401,00:06:01,,,,16774,162,1.7
1206.00494735632,00:06:02,,,,16832,162,1.7
1207.00594747863,00:06:03,,,,16890,162,1.7
1208.00694760093,00:06:04,,,,16949,162,1.7
1209.00794772324,00:06:05,,,,17008,162,1.7
1210.00894784555,00:06:06,,,,17068,162,1.7
1211.00994796786,00:06:07,,,,17128,162,1.7
1212.01094809017,00:06:08,,,,17188,162,1.7
1213.01194821247,00:06:09,,,,17248,162,1.7
1214.01294833478,00:06:10,,,,17310,162,1.7
1215.01394845709,00:06:11,,,,17372,162,1.8
1216.0149485794,00:06:12,,,,17433,162,1.8
1217.0159487017,00:06:13,,,,17495,162,1.8
1218.01694882401,00:06:14,,,,17557,162,1.8
1219.01794894632,00:06:15,,,,17619,162,1.8
1220.01894906863,00:06:16,,,,17682,162,1.8
1221.01994919093,00:06:17,,,,17745,162,1.8
1222.02094931324,00:06:18,,,,17809,162,1.8
1223.02194943555,00:06:19,,,,17873,162,1.8
1224.02294955786,00:06:20,,,,17937,162,1.8
1225.02394968017,00:06:21,,,,18001,162,1.8
1226.02494980247,00:06:22,,,,18067,162,1.9
1226.99258325404,00:06:23,,,,18130,162,1.9
1227.99358337634,00:06:24,,,,18195,162,1.9
1228.99458349865,00:06:25,,,,18262,162,1.9
1229.99558362096,00:06:26,,,,18328,162,1.9
1230.99658374327,00:06:27,,,,18395,162,1.9
1231.99758386558,00:06:28,,,,18463,162,1.9
1232.99858398788,00:06:29,,,,18530,162,1.9
1233.99958411019,00:06:30,,,,18599,162,1.9
1235.0005842325,00:06:31,,,,18666,162,2
1236.00158435481,00:06:32,,,,18735,162,2
1237.00258447711,00:06:33,,,,18804,162,2
1238.00358459942,00:06:34,,,,18875,162,2
1239.00458472173,00:06:35,,,,18945,162,2
1240.00558484404,00:06:36,,,,19015,162,2
1241.00658496635,00:06:37,,,,19086,162,2
1242.00758508865,00:06:38,,,,19158,162,2
1243.00858521096,00:06:39,,,,19229,162,2
1244.00958533327,00:06:40,,,,19302,162,2.1
1245.01058545558,00:06:41,,,,19374,162,2.1
1246.01158557788,00:06:42,,,,19450,162,2.1
1247.01258570019,00:06:43,,,,19521,162,2.1
1248.0135858225,00:06:44,,,,19596,162,2.1
1249.01458594481,00:06:45,,,,19670,162,2.1
1250.01558606711,00:06:46,,,,19746,162,2.1
1251.01658618942,00:06:47,,,,19822,162,2.1
1252.01758631173,00:06:48,,,,19898,162,2.2
1253.01858643404,00:06:49,,,,19974,162,2.2
1254.01958655635,00:06:50,,,,20050,162,2.2
1255.02058667865,00:06:51,,,,20128,162,2.2
1256.02158680096,00:06:52,,,,20203,162,2.2
1257.02258692327,00:06:53,,,,20283,162,2.2
1258.02358704558,00:06:54,,,,20361,162,2.2
1259.02458716788,00:06:55,,,,20439,161,2.3
1260.02558729019,00:06:56,,,,20519,161,2.3
1260.99322074176,00:06:57,,,,20597,161,2.3
1261.99422086406,00:06:58,,,,20677,161,2.3
1262.99522098637,00:06:59,,,,20758,161,2.3
1263.99622110868,00:07:00,,,,20840,161,2.3
1264.99722123099,00:07:01,,,,20923,161,2.4
1265.99822135329,00:07:02,,,,21004,161,2.4
1266.9992214756,00:07:03,,,,21088,161,2.4
1268.00022159791,00:07:04,,,,21172,161,2.4
1269.00122172022,00:07:05,,,,21257,161,2.4
1270.00222184252,00:07:06,,,,21342,161,2.4
1271.00322196483,00:07:07,,,,21428,161,2.5
1272.00422208714,00:07:08,,,,21513,161,2.5
1273.00522220945,00:07:09,,,,21601,161,2.5
1274.00622233176,00:07:10,,,,21688,160,2.5
1275.00722245406,00:07:11,,,,21776,160,2.5
1276.00822257637,00:07:12,,,,21864,160,2.6
1277.00922269868,00:07:13,,,,21954,160,2.6
1278.01022282099,00:07:14,,,,22045,160,2.6
1279.01122294329,00:07:15,,,,22139,160,2.6
1280.0122230656,00:07:16,,,,22230,160,2.6
1281.01322318791,00:07:17,,,,22323,160,2.7
1282.01422331022,00:07:18,,,,22416,160,2.7
1283.01522343253,00:07:19,,,,22510,160,2.7
1284.01622355483,00:07:20,,,,22604,160,2.7
1285.01722367714,00:07:21,,,,22700,160,2.7
1286.01822379945,00:07:22,,,,22796,160,2.8
1287.01922392176,00:07:23,,,,22893,159,2.8
1288.02022404406,00:07:24,,,,22990,159,2.8
1289.02122416637,00:07:25,,,,23089,159,2.8
1290.02222428868,00:07:26,,,,23188,159,2.8
1291.02322441099,00:07:27,,,,23288,159,2.9
1292.02422453329,00:07:28,,,,23389,159,2.9
1293.0252246556,00:07:29,,,,23490,159,2.9
1293.99285810717,00:07:30,,,,23589,159,2.9
1294.99385822947,00:07:31,,,,23692,159,3
1295.99485835178,00:07:32,,,,23796,159,3
1296.99585847409,00:07:33,,,,23901,159,3
1297.9968585964,00:07:34,,,,24007,159,3
1298.9978587187,00:07:35,,,,24114,159,3.1
1299.99885884101,00:07:36,,,,24222,159,3.1
1300.99985896332,00:07:37,,,,24331,158,3.1
1302.00085908563,00:07:38,,,,24440,158,3.1
1303.00185920794,00:07:39,,,,24550,158,3.2
1304.00285933024,00:07:40,,,,24661,158,3.2
1305.00385945255,00:07:41,,,,24772,158,3.2
1306.00485957486,00:07:42,,,,24885,158,3.2
1307.00585969717,00:07:43,,,,24998,158,3.2
1308.00685981947,00:07:44,,,,25112,158,3.3
1309.00785994178,00:07:45,,,,25226,158,3.3
1310.00886006409,00:07:46,,,,25345,158,3.3
1311.0098601864,00:07:47,,,,25460,158,3.3
1312.0108603087,00:07:48,,,,25577,158,3.3
1313.01186043101,00:07:49,,,,25694,158,3.3
1314.01286055332,00:07:50,,,,25811,158,3.4
1315.01386067563,00:07:51,,,,25931,158,3.4
1316.01486079794,00:07:52,,,,26049,158,3.4
1317.01586092024,00:07:53,,,,26172,158,3.5
1318.01686104255,00:07:54,,,,26293,158,3.5
1319.01786116486,00:07:55,,,,26415,158,3.5
1320.01886128717,00:07:56,,,,26530,158,3.5
1321.01986140947,00:07:57,,,,26654,158,3.4
1322.02086153178,00:07:58,,,,26773,158,3.4
1323.02186165409,00:07:59,,,,26868,158,2.2
1324.0228617764,00:08:00,,,,26913,158,0.1
1325.0238618987,00:08:01,,,,26930,158,0
1326.02486202101,00:08:02,,,,26935,158,0
1326.99249547258,00:08:03,,,,26937,158,0
