t_video_sec,time_str_primary,vel_kmh_speed,vel_kmh_primary,alt_km_altitude_roi,alt_km_primary,accel_g_acceleration,accel_g_primary
365.365,00:00:00,0,0,0.1,0.1,1,1
366.366,00:00:01,3,3,0.1,0.1,1.2,1.2
367.367,00:00:02,8,8,0.1,0.1,1.3,1.3
368.368,00:00:03,14,14,0.1,0.1,1.3,1.3
369.369,00:00:04,19,19,0.1,0.1,1.4,1.4
370.37,00:00:05,29,29,0.1,0.1,1.4,1.4
371.371,00:00:06,40,40,0.1,0.1,1.4,1.4
372.372,00:00:07,54,54,0.1,0.1,1.4,1.4
373.373,00:00:08,68,68,0.2,0.2,1.4,1.4
374.374,00:00:09,83,83,0.2,0.2,1.4,1.4
375.375,00:00:10,98,98,0.2,0.2,1.4,1.4
376.376,00:00:11,114,114,0.2,0.2,1.4,1.4
377.377,00:00:12,123,123,0.2,0.2,1.4,1.4
378.378,00:00:13,145,145,0.3,0.3,1.5,1.5
379.379,00:00:14,161,161,0.3,0.3,1.5,1.5
380.38,00:00:15,178,178,0.3,0.3,1.5,1.5
381.381,00:00:16,195,195,0.4,0.4,1.5,1.5
382.382,00:00:17,216,216,0.4,0.4,1.5,1.5
383.383,00:00:18,230,230,0.5,0.5,1.5,1.5
384.384,00:00:19,247,247,0.5,0.5,1.5,1.5
385.385,00:00:20,265,265,0.6,0.6,1.5,1.5
386.386,00:00:21,283,283,0.8,0.8,1.5,1.5
387.387,00:00:22,302,302,0.7,0.7,1.5,1.5
388.388,00:00:23,321,321,0.8,0.8,1.5,1.5
389.389,00:00:24,340,340,0.9,0.9,1.6,1.6
390.39,00:00:25,360,360,1,1,1.6,1.6
391.391,00:00:26,380,380,1,1,1.6,1.6
392.392,00:00:27,400,400,1.1,1.1,1.6,1.6
393.393,00:00:28,422,422,1.2,1.2,1.6,1.6
394.394,00:00:29,441,441,1.4,1.4,1.6,1.6
395.395,00:00:30,462,462,1.5,1.5,1.6,1.6
396.396,00:00:31,484,484,1.6,1.6,1.6,1.6
397.397,00:00:32,506,506,1.7,1.7,1.6,1.6
398.398,00:00:33,528,528,1.8,1.8,1.6,1.6
399.399,00:00:34,551,551,2,2,1.6,1.6
400.4,00:00:35,575,575,2.1,2.1,1.7,1.7
401.401,00:00:36,599,599,2.3,2.3,1.7,1.7
402.402,00:00:37,623,623,2.4,2.4,1.7,1.7
403.403,00:00:38,647,647,2.6,2.6,1.7,1.7
404.404,00:00:39,672,672,2.7,2.7,1.7,1.7
405.405,00:00:40,697,697,2.9,2.9,1.7,1.7
406.406,00:00:41,723,723,3.1,3.1,1.7,1.7
407.407,00:00:42,749,749,3.8,3.8,1.7,1.7
408.408,00:00:43,775,775,3.5,3.5,1.8,1.8
409.409,00:00:44,802,802,3.7,3.7,1.6,1.6
410.41,00:00:45,825,825,3.9,3.9,1.4,1.4
411.411,00:00:46,843,843,4.1,4.1,1.4,1.4
412.412,00:00:47,857,857,4.3,4.3,1.4,1.4
413.413,00:00:48,870,870,4.5,4.5,1.4,1.4
414.414,00:00:49,883,883,4.7,4.7,1.4,1.4
415.415,00:00:50,896,896,5,5,1.4,1.4
416.416,00:00:51,909,909,5.2,5.2,1.4,1.4
417.417,00:00:52,923,923,5.4,5.4,1.4,1.4
418.418,00:00:53,936,936,5.7,5.7,1.4,1.4
419.419,00:00:54,950,950,5.8,5.8,1.4,1.4
420.42,00:00:55,965,965,8.2,8.2,1.4,1.4
421.421,00:00:56,980,980,6.4,6.4,1.4,1.4
422.422,00:00:57,995,995,8.7,8.7,1.4,1.4
423.423,00:00:58,1010,1010,6.9,6.9,1.4,1.4
424.424,00:00:59,1026,1026,7.2,7.2,1.4,1.4
425.425,00:01:00,1043,1043,7.5,7.5,1.4,1.4
426.426,00:01:01,1059,1059,7.7,7.7,1.4,1.4
427.427,00:01:02,1076,1076,8,8,1.4,1.4
428.428,00:01:03,1093,1093,,,1.4,1.4
429.429,00:01:04,1110,1110,8.6,8.6,1.4,1.4
430.43,00:01:05,1127,1127,8.8,8.8,1.5,1.5
431.431,00:01:06,1148,1148,9.1,9.1,1.8,1.8
432.432,00:01:07,1176,1176,9.4,9.4,1.9,1.9
433.433,00:01:08,1208,1208,9.7,9.7,1.9,1.9
434.434,00:01:09,,,10,10,2,2
435.435,00:01:10,,,10.3,10.3,2,2
436.436,00:01:11,1318,1318,10.6,10.6,2,2
437.437,00:01:12,1356,1356,10.8,10.8,2,2
438.438,00:01:13,,,11.2,11.2,2,2
439.439,00:01:14,1434,1434,11.5,11.5,2,2
440.44,00:01:15,1474,1474,11.8,11.8,2,2
441.441,00:01:16,1516,1516,12.1,12.1,2,2
442.442,00:01:17,1558,1558,12.4,12.4,2.1,2.1
443.443,00:01:18,1602,1602,12.7,12.7,2.1,2.1
444.444,00:01:19,1646,1646,13,13,2.1,2.1
445.445,00:01:20,1691,1691,,,2.1,2.1
446.446,00:01:21,1737,1737,13.9,13.9,2.1,2.1
447.447,00:01:22,1783,1783,14.3,14.3,,
448.448,00:01:23,1832,1832,14.7,14.7,,
449.449,00:01:24,1881,1881,15.1,15.1,,
450.45,00:01:25,1932,1932,,,,
451.451,00:01:26,1983,1983,15.9,15.9,2.2,2.2
452.452,00:01:27,,,16.3,16.3,,
453.453,00:01:28,,,16.7,16.7,2.3,2.3
454.454,00:01:29,2142,2142,17.1,17.1,2.3,2.3
455.455,00:01:30,2196,2196,17.6,17.6,2.3,2.3
456.456,00:01:31,2251,2251,18,18,,
457.457,00:01:32,2308,2308,18.4,18.4,,
458.458,00:01:33,,,,,2.4,2.4
459.459,00:01:34,2425,2425,19.3,19.3,2.4,2.4
460.46,00:01:35,2487,2487,19.8,19.8,2.4,2.4
461.461,00:01:36,2548,2548,20.3,20.3,2.5,2.5
462.462,00:01:37,2611,2611,20.7,20.7,2.5,2.5
463.463,00:01:38,2675,2675,21.2,21.2,2.5,2.5
464.464,00:01:39,,,21.7,21.7,2.5,2.5
466.466,00:01:41,2872,2872,22.7,22.7,2.6,2.6
467.467,00:01:42,2941,2941,23.2,23.2,,
468.468,00:01:43,3010,3010,,,,
469.469,00:01:44,3081,3081,24.2,24.2,,
470.47,00:01:45,3152,3152,24.7,24.7,2.7,2.7
471.471,00:01:46,3224,3224,25.2,25.2,2.7,2.7
472.472,00:01:47,3297,3297,25.8,25.8,,
473.473,00:01:48,3370,3370,23.3,23.3,2.8,2.8
474.474,00:01:49,3447,3447,26.9,26.9,2.8,2.8
475.475,00:01:50,,,27.4,27.4,,
476.476,00:01:51,3600,3600,28,28,2.8,2.8
477.477,00:01:52,3681,3681,,,2.9,2.9
478.478,00:01:53,3761,3761,,,2.9,2.9
479.479,00:01:54,3843,3843,28.7,28.7,3,3
480.48,00:01:55,3924,3924,30.3,30.3,3,3
481.481,00:01:56,4010,4010,30.9,30.9,3,3
482.482,00:01:57,4093,4093,,,3.1,3.1
483.483,00:01:58,4180,4180,,,3.1,3.1
484.484,00:01:59,4271,4271,32.3,32.3,3.1,3.1
485.485,00:02:00,4363,4363,33.5,33.5,,
486.486,00:02:01,4453,4453,34.1,34.1,3.2,3.2
487.487,00:02:02,4545,4545,34.8,34.8,,
488.488,00:02:03,4642,4642,35.4,35.4,,
489.489,00:02:04,4729,4729,36.1,36.1,,
490.49,00:02:05,4829,4829,,,,
491.491,00:02:08,4926,4926,37.5,37.5,3.4,3.4
492.492,00:02:09,5026,5026,38.2,38.2,3.4,3.4
493.493,00:02:08,5129,5129,38.9,38.9,3.4,3.4
494.494,00:02:08,5230,5230,39.7,39.7,,
495.495,00:02:10,5300,5300,40.4,40.4,3.5,3.5
496.496,00:02:11,5435,5435,41.2,41.2,3.5,3.5
497.497,00:02:12,5533,5533,41.9,41.9,3.8,3.8
498.498,00:02:13,5647,5647,42.7,42.7,3.8,3.8
499.499,00:02:14,,,43.5,43.5,3.7,3.7
500.5,00:02:15,5867,5867,44.3,44.3,3.7,3.7
501.501,00:02:16,5971,5971,45.1,45.1,,
502.502,00:02:17,,,46,46,3.8,3.8
503.503,00:02:18,,,46.8,46.8,,
504.504,00:02:19,6317,6317,47.6,47.6,3.8,3.8
505.505,00:02:20,6433,6433,48.5,48.5,3.8,3.8
506.506,00:02:21,6551,6551,49.4,49.4,3.8,3.8
507.507,00:02:22,6670,6670,50.3,50.3,3.8,3.8
508.508,00:02:23,,,51.2,51.2,3.9,3.9
509.509,00:02:24,6899,6899,52.1,52.1,3.9,3.9
510.51,00:02:25,7025,7025,,,3.8,3.8
511.511,00:02:26,7148,7148,54,54,3.8,3.8
512.512,00:02:27,7263,7263,54.8,54.8,3.9,3.9
513.513,00:02:28,7378,7378,55.9,55.9,3.9,3.9
514.514,00:02:29,7501,7501,56.9,56.9,3.8,3.8
515.515,00:02:30,7611,7611,57.8,57.8,3.8,3.8
516.516,00:02:31,7739,7739,58.8,58.8,3.8,3.8
517.517,00:02:32,7852,7852,59.8,59.8,3.7,3.7
518.518,00:02:33,7966,7966,60.8,60.8,2,2
519.519,00:02:34,8030,8030,61.8,61.8,0.3,0.3
520.52,00:02:35,,,62.7,62.7,,
522.522,00:02:37,8027,8027,64.8,64.8,0.1,0.1
523.523,00:02:38,8010,8010,65.8,65.8,0,0
524.524,00:02:39,7993,7993,66.8,66.8,0,0
525.525,00:02:40,7978,7978,67.8,67.8,0,0
526.526,00:02:41,7964,7964,,,0,0
527.527,00:02:42,7949,7949,69.8,69.8,0,0
528.528,00:02:43,7935,7935,70.7,70.7,0,0
529.529,00:02:44,7920,7920,71.7,71.7,0,0
530.53,00:02:45,,,72.6,72.6,0,0
531.531,00:02:46,7890,7890,73.6,73.6,0,0
532.532,00:02:47,7875,7875,74.5,74.5,0,0
533.533,00:02:48,7861,7861,75.4,75.4,0,0
534.534,00:02:49,7848,7848,76.3,76.3,0,0
535.535,00:02:50,7832,7832,77.2,77.2,0,0
536.536,00:02:51,7822,7822,78.1,78.1,0,0
537.537,00:02:52,7806,7806,79,79,0,0
538.538,00:02:53,7793,7793,79.9,79.9,0,0
539.539,00:02:54,7780,7780,,,0,0
540.54,00:02:55,7767,7767,81.5,81.5,0,0
541.541,00:02:56,,,82.4,82.4,0,0
543.543,00:02:58,7727,7727,84,84,,
544.544,00:02:59,7715,7715,84.9,84.9,0,0
545.545,00:03:00,7702,7702,,,0,0
546.546,00:03:01,7689,7689,86.8,86.8,0,0
547.547,00:03:02,7677,7677,87.3,87.3,0,0
548.548,00:03:03,7664,7664,,,0,0
549.549,00:03:04,7652,7652,88.9,88.9,0,0
550.55,00:03:05,7640,7640,89.7,89.7,0,0
551.551,00:03:06,,,90.4,90.4,0,0
552.552,00:03:07,7617,7617,91.2,91.2,0,0
553.553,00:03:08,7605,7605,92,92,0,0
554.554,00:03:09,7592,7592,92.7,92.7,,
555.555,00:03:10,7582,7582,93.4,93.4,0,0
556.556,00:03:11,7571,7571,94.1,94.1,0,0
557.557,00:03:12,7563,7563,94.9,94.9,0,0
558.558,00:03:13,7547,7547,95.6,95.6,0,0
559.559,00:03:14,7538,7538,96.3,96.3,0,0
560.56,00:03:15,7528,7528,96.9,96.9,0,0
561.561,00:03:16,7515,7515,97.6,97.6,0,0
562.562,00:03:17,7504,7504,98.3,98.3,0,0
563.563,00:03:18,7494,7494,98.9,98.9,0,0
564.564,00:03:19,7483,7483,99.6,99.6,0,0
565.565,00:03:20,7473,7473,100,100,0,0
566.566,00:03:21,7463,7463,101,101,0,0
567.567,00:03:22,7453,7453,102,102,0,0
568.568,00:03:23,7443,7443,102,102,0,0
569.569,00:03:24,7435,7435,103,103,0,0
570.57,00:03:25,7424,7424,103,103,0,0
571.571,00:03:26,7415,7415,104,104,0,0
572.572,00:03:27,7406,7406,104,104,0,0
573.573,00:03:28,7397,7397,105,105,0,0
574.574,00:03:29,,,106,106,0,0
575.575,00:03:30,7379,7379,106,106,0,0
576.576,00:03:31,7370,7370,107,107,0,0
577.577,00:03:32,,,107,107,0,0
578.578,00:03:33,7353,7353,108,108,0,0
579.579,00:03:34,7345,7345,108,108,0,0
580.58,00:03:35,7337,7337,108,108,0,0
581.581,00:03:36,7329,7329,108,108,0,0
582.582,00:03:37,7322,7322,110,110,0,0
583.583,00:03:38,7314,7314,110,110,,
584.584,00:03:39,7308,7308,111,111,,
585.585,00:03:40,7299,7299,111,111,0,0
586.586,00:03:41,7292,7292,,,0,0
587.587,00:03:42,7233,7233,,,0,0
588.588,00:03:43,7279,7279,113,113,0,0
589.589,00:03:44,7271,7271,113,113,0,0
590.59,00:03:45,7264,7264,113,113,0,0
591.591,00:03:46,,,114,114,0,0
592.592,00:03:47,7255,7255,114,114,0,0
593.593,00:03:48,7254,7254,115,115,,
594.594,00:03:49,7253,7253,115,115,,
595.595,00:03:50,7251,7251,115,115,,
596.596,00:03:51,7243,7243,116,116,,
597.597,00:03:52,7234,7234,116,116,0,0
598.598,00:03:53,7222,7222,116,116,0,0
599.599,00:03:54,7213,7213,117,117,0,0
600.6,00:03:55,7208,7208,117,117,0,0
601.601,00:03:56,7201,7201,117,117,0,0
602.602,00:03:57,7196,7196,118,118,0,0
603.603,00:03:58,7191,7191,118,118,0,0
604.604,00:03:59,7186,7186,118,118,0,0
605.605,00:04:00,7182,7182,119,119,0,0
606.606,00:04:01,7177,7177,119,119,,
607.607,00:04:02,7173,7173,119,119,0,0
608.608,00:04:03,7169,7169,119,119,0,0
609.609,00:04:04,7165,7165,120,120,0,0
610.61,00:04:05,7161,7161,120,120,0,0
611.611,00:04:06,7158,7158,120,120,0,0
612.612,00:04:07,,,120,120,0,0
613.613,00:04:08,7151,7151,,,0,0
614.614,00:04:09,7148,7148,121,121,0,0
615.615,00:04:10,7145,7145,121,121,0,0
616.616,00:04:11,7142,7142,121,121,0,0
617.617,00:04:12,7139,7139,121,121,0,0
618.618,00:04:13,7137,7137,,,0,0
619.619,00:04:14,7134,7134,122,122,0,0
620.62,00:04:15,,,122,122,0,0
621.621,00:04:16,7130,7130,122,122,0,0
622.622,00:04:17,7123,7123,122,122,0,0
623.623,00:04:18,7126,7126,122,122,0,0
624.624,00:04:19,7125,7125,122,122,0,0
625.625,00:04:20,7124,7124,122,122,0,0
626.626,00:04:21,7123,7123,123,123,0,0
627.627,00:04:22,7123,7123,123,123,0,0
628.628,00:04:23,7121,7121,123,123,0,0
629.629,00:04:24,7119,7119,123,123,0,0
630.63,00:04:25,7118,7118,123,123,0,0
631.631,00:04:26,7117,7117,123,123,0,0
632.632,00:04:27,7116,7116,,,0,0
633.633,00:04:28,7116,7116,123,123,0,0
634.634,00:04:29,7116,7116,123,123,0,0
635.635,00:04:30,7116,7116,123,123,0,0
636.636,00:04:31,7116,7116,123,123,0,0
637.637,00:04:32,7116,7116,123,123,0,0
638.638,00:04:33,7117,7117,123,123,0,0
639.639,00:04:34,7117,7117,123,123,0,0
640.64,00:04:35,7118,7118,123,123,0,0
641.641,00:04:36,7119,7119,123,123,0,0
642.642,00:04:37,7120,7120,123,123,0,0
643.643,00:04:38,7121,7121,123,123,0,0
644.644,00:04:39,7122,7122,123,123,0,0
645.645,00:04:40,7124,7124,123,123,0,0
646.646,00:04:41,,,123,123,0,0
647.647,00:04:42,,,123,123,0,0
648.648,00:04:43,7129,7129,122,122,0,0
649.649,00:04:44,7131,7131,122,122,0,0
650.65,00:04:45,7133,7133,122,122,0,0
651.651,00:04:46,7136,7136,122,122,0,0
652.652,00:04:47,7139,7139,122,122,0,0
653.653,00:04:48,7141,7141,122,122,0,0
654.654,00:04:49,7144,7144,122,122,0,0
655.655,00:04:50,7147,7147,122,122,0,0
656.656,00:04:51,7150,7150,,,0,0
657.657,00:04:52,7153,7153,,,0,0
658.658,00:04:53,7157,7157,121,121,0,0
659.659,00:04:54,7160,7160,121,121,0,0
660.66,00:04:55,7164,7164,121,121,0,0
661.661,00:04:56,7168,7168,121,121,0,0
662.662,00:04:57,7172,7172,120,120,0,0
663.663,00:04:58,7176,7176,120,120,0,0
664.664,00:04:59,7181,7181,120,120,0,0
665.665,00:05:00,7185,7185,120,120,0,0
666.666,00:05:01,7190,7190,119,119,0,0
667.667,00:05:02,7195,7195,119,119,0,0
668.668,00:05:03,7199,7199,119,119,0,0
669.669,00:05:04,7204,7204,119,119,0,0
670.67,00:05:05,7210,7210,118,118,0,0
671.671,00:05:08,7215,7215,118,118,0,0
672.672,00:05:07,7221,7221,118,118,0,0
673.673,00:05:08,7226,7226,117,117,0,0
674.674,00:05:09,7232,7232,117,117,0,0
675.675,00:05:10,7238,7238,117,117,0,0
676.676,00:05:11,7244,7244,116,116,0,0
677.677,00:05:12,7250,7250,116,116,0,0
678.678,00:05:13,,,116,116,0,0
679.679,00:05:14,7283,7283,115,115,0,0
680.68,00:05:15,7269,7269,115,115,0,0
681.681,00:05:16,,,114,114,0,0
682.682,00:05:17,7284,7284,114,114,0,0
683.683,00:05:18,7291,7291,114,114,0,0
684.684,00:05:19,7298,7298,113,113,0,0
685.685,00:05:20,7305,7305,113,113,0,0
686.686,00:05:21,7313,7313,,,0,0
687.687,00:05:22,7320,7320,112,112,0,0
688.688,00:05:23,7323,7323,112,112,0,0
689.689,00:05:24,,,,,0,0
690.69,00:05:25,7344,7344,,,0,0
691.691,00:05:26,7382,7382,110,110,0,0
692.692,00:05:27,7361,7361,110,110,0,0
693.693,00:05:28,7378,7378,109,109,0,0
694.694,00:05:29,7378,7378,109,109,0,0
697.697,00:05:32,7405,7405,107,107,,
698.698,00:05:33,7415,7415,,,,
699.699,00:05:34,7423,7423,106,106,,
700.7,00:05:35,7433,7433,105,105,0,0
701.701,00:05:36,7443,7443,105,105,0,0
702.702,00:05:37,7482,7482,104,104,0,0
703.703,00:05:38,7462,7462,104,104,0,0
704.704,00:05:39,7472,7472,103,103,0,0
705.705,00:05:40,7482,7482,103,103,0,0
706.706,00:05:41,7493,7493,103,103,0,0
707.707,00:05:42,7503,7503,102,102,0,0
708.708,00:05:43,7513,7513,101,101,0,0
709.709,00:05:44,7524,7524,101,101,0,0
710.71,00:05:45,7535,7535,99.8,99.8,0,0
711.711,00:05:46,7546,7546,99,99,0,0
712.712,00:05:47,,,,,0,0
713.713,00:05:48,7568,7568,97.6,97.6,0,0
714.714,00:05:49,,,96.9,96.9,0,0
715.715,00:05:50,,,,,0,0
716.716,00:05:51,7602,7602,95.5,95.5,0,0
717.717,00:05:52,7614,7614,94.8,94.8,0,0
718.718,00:05:53,,,94.1,94.1,0,0
719.719,00:05:54,,,93.4,93.4,0,0
720.72,00:05:55,7650,7650,92.7,92.7,0,0
721.721,00:05:56,7662,7662,91.9,91.9,0,0
722.722,00:05:57,7674,7674,91.1,91.1,0,0
723.723,00:05:58,7686,7686,90.4,90.4,0,0
724.724,00:05:59,7699,7699,89.6,89.6,0,0
725.725,00:06:00,7712,7712,88.8,88.8,0,0
726.726,00:06:01,7725,7725,88.1,88.1,0,0
727.727,00:06:02,7733,7733,87.3,87.3,0,0
728.728,00:06:03,7751,7751,,,0,0
729.729,00:06:04,7764,7764,85.7,85.7,0,0
730.73,00:06:05,7778,7778,84.8,84.8,0,0
731.731,00:06:06,7790,7790,84,84,0,0
732.732,00:06:07,7804,7804,83.2,83.2,0,0
733.733,00:06:08,7817,7817,82.3,82.3,0,0
734.734,00:06:09,7832,7832,81.5,81.5,0,0
735.735,00:06:10,7846,7846,80.6,80.6,0,0
736.736,00:06:11,7860,7860,72.7,72.7,0,0
737.737,00:06:12,7873,7873,,,0,0
738.738,00:06:13,,,78,78,0,0
739.739,00:06:14,7902,7902,77.1,77.1,0,0
740.74,00:06:15,7916,7916,,,,
741.741,00:06:16,7931,7931,75.2,75.2,0,0
742.742,00:06:17,7945,7945,74.3,74.3,0,0
743.743,00:06:18,7960,7960,73.4,73.4,0,0
744.744,00:06:19,7975,7975,72.4,72.4,0,0
745.745,00:06:20,7990,7990,71.5,71.5,0,0
746.746,00:06:21,8005,8005,70.8,70.8,0,0
747.747,00:06:22,8020,8020,,,0,0
748.748,00:06:23,8035,8035,68.6,68.6,0,0
749.749,00:06:24,8050,8050,67.6,67.6,0,0
750.75,00:06:25,8065,8065,68.8,68.8,0,0
751.751,00:06:26,8078,8078,65.7,65.7,0.1,0.1
752.752,00:06:27,,,64.6,64.6,1.2,1.2
753.753,00:06:28,8069,8069,,,1.4,1.4
754.754,00:06:29,8044,8044,62.6,62.6,1.4,1.4
755.755,00:06:30,8006,8006,61.5,61.5,3.3,3.3
756.756,00:06:31,7928,7928,60.4,60.4,4.2,4.2
757.757,00:06:32,7820,7820,59.4,59.4,4.3,4.3
758.758,00:06:33,7697,7697,58.4,58.4,4.3,4.3
759.759,00:06:34,7561,7561,57.4,57.4,4.3,4.3
760.76,00:06:35,7427,7427,56.4,56.4,4.4,4.4
761.761,00:06:36,7284,7284,55.3,55.3,4.6,4.6
762.762,00:06:37,7147,7147,54.4,54.4,4.7,4.7
763.763,00:06:38,6995,6995,53.4,53.4,4.8,4.8
764.764,00:06:39,6842,6842,52.4,52.4,4.8,4.8
765.765,00:06:40,6702,6702,51.5,51.5,4.9,4.9
766.766,00:06:41,6550,6550,50.5,50.5,5,5
767.767,00:06:42,6381,6381,49.6,49.6,5,5
768.768,00:06:43,6295,6295,48.7,48.7,5.1,5.1
769.769,00:06:44,6076,6076,47.9,47.9,5.1,5.1
770.77,00:06:45,5909,5909,47,47,5.2,5.2
771.771,00:06:46,5767,5767,46.2,46.2,5.3,5.3
772.772,00:06:47,5687,5687,45.3,45.3,5.3,5.3
773.773,00:06:48,,,44.5,44.5,2.5,2.5
774.774,00:06:49,5430,5430,43.7,43.7,0.4,0.4
775.775,00:06:50,,,43,43,0.2,0.2
776.776,00:06:51,5380,5380,42.2,42.2,0.2,0.2
777.777,00:06:52,5383,5383,41.4,41.4,0.3,0.3
778.778,00:06:53,5391,5391,40.7,40.7,0.3,0.3
779.779,00:06:54,5398,5398,39,39,0.3,0.3
780.78,00:06:55,5405,5405,,,0.4,0.4
781.781,00:06:56,5410,5410,38.4,38.4,0.4,0.4
782.782,00:06:57,5414,5414,37.6,37.6,0.5,0.5
783.783,00:06:58,5416,5416,36.8,36.8,0.5,0.5
784.784,00:06:59,5416,5416,36,36,0.6,0.6
785.785,00:07:00,5414,5414,,,0.7,0.7
786.786,00:07:01,5410,5410,34.4,34.4,0.8,0.8
787.787,00:07:02,,,33.8,33.8,0.9,0.9
788.788,00:07:03,5392,5392,,,1,1
789.789,00:07:04,5377,5377,32,32,1.2,1.2
790.79,00:07:05,5358,5358,31.1,31.1,1.3,1.3
791.791,00:07:06,,,30.3,30.3,1.4,1.4
792.792,00:07:07,5326,5326,29.5,29.5,1.4,1.4
793.793,00:07:08,5321,5321,23.8,23.8,1.4,1.4
794.794,00:07:09,5317,5317,27.8,27.8,1.5,1.5
795.795,00:07:10,5272,5272,27,27,2,2
796.796,00:07:11,5159,5159,26.1,26.1,2.6,2.6
797.797,00:07:12,,,25.3,25.3,2.9,2.9
798.798,00:07:13,4972,4972,24.5,24.5,3,3
799.799,00:07:14,4875,4875,23.7,23.7,3.8,3.8
800.8,00:07:15,4770,4770,22.8,22.8,3.9,3.9
801.801,00:07:16,4664,4664,22,22,4.2,4.2
802.802,00:07:17,4533,4533,21.3,21.3,4.6,4.6
803.803,00:07:18,4401,4401,20.5,20.5,4.9,4.9
804.804,00:07:19,4257,4257,19.8,19.8,5.1,5.1
805.805,00:07:20,4145,4145,19,19,5.4,5.4
806.806,00:07:21,3923,3923,18.3,18.3,5.7,5.7
807.807,00:07:22,3743,3743,17.5,17.5,5.8,5.8
808.808,00:07:23,3564,3564,16.9,16.9,5.8,5.8
809.809,00:07:24,3386,3386,16.2,16.2,5.7,5.7
810.81,00:07:25,3207,3207,,,5.6,5.6
811.811,00:07:26,3033,3033,15,15,5.4,5.4
812.812,00:07:27,2924,2924,14.8,14.8,5.2,5.2
813.813,00:07:28,2710,2710,,,4.9,4.9
814.814,00:07:29,2582,2582,18.8,18.8,4.7,4.7
815.815,00:07:30,2421,2421,13,13,4.4,4.4
816.816,00:07:31,,,12.8,12.8,4.1,4.1
817.817,00:07:32,2169,2169,12.2,12.2,3.8,3.8
818.818,00:07:33,2058,2058,11.8,11.8,3.5,3.5
819.819,00:07:34,1956,1956,11.4,11.4,3.3,3.3
820.82,00:07:35,1863,1863,11.1,11.1,3,3
821.821,00:07:36,1779,1779,10.8,10.8,2.3,2.3
822.822,00:07:37,1702,1702,10.5,10.5,,
823.823,00:07:38,1631,1631,10.2,10.2,2.4,2.4
824.824,00:07:39,1570,1570,10,10,2.2,2.2
825.825,00:07:40,1511,1511,9.7,9.7,2.1,2.1
826.826,00:07:41,1459,1459,9.5,9.5,1.9,1.9
827.827,00:07:42,1411,1411,9.2,9.2,1.8,1.8
828.828,00:07:43,1368,1368,9,9,1.7,1.7
829.829,00:07:44,1329,1329,8.8,8.8,1.6,1.6
830.83,00:07:45,1293,1293,8.8,8.8,1.5,1.5
831.831,00:07:46,1283,1283,8.4,8.4,1.4,1.4
832.832,00:07:47,1235,1235,8.2,8.2,1.3,1.3
833.833,00:07:48,1210,1210,8,8,1.2,1.2
834.834,00:07:49,1188,1188,7.8,7.8,1.2,1.2
835.835,00:07:50,1168,1168,7.6,7.6,1.1,1.1
836.836,00:07:51,1150,1150,7.4,7.4,1.1,1.1
837.837,00:07:52,1133,1133,7.2,7.2,1.1,1.1
838.838,00:07:53,1119,1119,7,7,1,1
839.839,00:07:54,1105,1105,6.8,6.8,1,1
840.84,00:07:55,1093,1093,6.8,6.8,1,1
841.841,00:07:56,1081,1081,6.4,6.4,1,1
842.842,00:07:57,,,,,1,1
843.843,00:07:58,1080,1080,,,1,1
844.844,00:07:59,1049,1049,5.9,5.9,1.1,1.1
845.845,00:08:00,,,5.6,5.6,1.1,1.1
846.846,00:08:01,1028,1028,5.4,5.4,1.1,1.1
847.847,00:08:02,1016,1016,5.1,5.1,1.2,1.2
848.848,00:08:03,1005,1005,4.9,4.9,1.2,1.2
849.849,00:08:04,993,993,4.7,4.7,1.2,1.2
850.85,00:08:05,981,981,4.5,4.5,,
851.851,00:08:06,968,968,4.3,4.3,1.3,1.3
852.852,00:08:07,957,957,4,4,1.2,1.2
853.853,00:08:08,945,945,3.8,3.8,,
854.854,00:08:09,935,935,3.6,3.6,1.2,1.2
855.855,00:08:10,925,925,3.4,3.4,1.2,1.2
856.856,00:08:11,915,915,3.2,3.2,,
857.857,00:08:12,906,906,3,3,1.4,1.4
858.858,00:08:13,885,885,2.8,2.8,2.6,2.6
859.859,00:08:14,852,852,2.6,2.6,2.8,2.8
860.86,00:08:15,806,806,2.4,2.4,,
861.861,00:08:16,732,732,2.3,2.3,2.2,2.2
862.862,00:08:17,712,712,2.1,2.1,2.3,2.3
863.863,00:08:18,665,665,2,2,,
864.864,00:08:19,620,620,1.8,1.8,2.1,2.1
865.865,00:08:20,578,578,1.6,1.6,2.1,2.1
866.866,00:08:21,538,538,1.4,1.4,2.1,2.1
867.867,00:08:22,499,499,1.2,1.2,2,2
868.868,00:08:23,461,461,1.1,1.1,2,2
869.869,00:08:24,423,423,0.9,0.9,2,2
870.87,00:08:25,385,385,0.8,0.8,2,2
871.871,00:08:26,347,347,,,1.9,1.9
872.872,00:08:27,308,308,0.6,0.6,2.2,2.2
873.873,00:08:28,266,266,0.5,0.5,2.3,2.3
874.874,00:08:29,,,0.4,0.4,2.1,2.1
875.875,00:08:30,181,181,0.3,0.3,1.8,1.8
876.876,00:08:31,148,148,0.2,0.2,,
877.877,00:08:32,120,120,0.2,0.2,1.7,1.7
878.878,00:08:33,107,107,0.1,0.1,1.8,1.8
879.879,00:08:34,68,68,0.1,0.1,1.8,1.8
880.88,00:08:35,41,41,0.1,0.1,1.5,1.5
881.881,00:08:36,22,22,0,0,1.4,1.4
882.882,00:08:37,11,11,0,0,1.1,1.1
883.883,00:08:38,4,4,0,0,,
884.884,00:08:39,1,1,0,0,1,1
